{
  "index": 3,
  "attributes": {
    "generic.max_health": 16,
    "generic.attack_damage": 3,
    "generic.movement_speed": 0.13,
    "forge:entity_gravity": 0.072,
    "paraglider:max_stamina": 32
  },
  "starting_skills": [
    "epicfight:roll",
    "epicfight:emergency_escape"
  ],
  "items": [
    {
      "id": "spartanweaponry:tin_dagger",
      "slot": "mainhand"
    },
    {
      "id": "spartanweaponry:tin_dagger",
      "slot": "offhand"
    },
    {
      "id": "minecraft:bread",
      "count": 6
    },
    {       
      "id":"coins_and_randoms_loot:tear_of_the_silent_requiem_blade"
    }
  ],
  "animation": "epicfight:biped/combat/sword_auto3",
  "offset": [0, 0]
}
