{
	"index": 5,
	"attributes": {
		"generic.max_health": 14,
		"generic.attack_damage": 6,
		"generic.movement_speed": 0.09,
		"paraglider:max_stamina": 28
	},
	"starting_skills": [
		"epicfight:roll",
		"epicfight:berserker",
		"epicfight:forbidden_strength"
	],
	"items": [
		{
			"id":"spartanweaponry:tin_battleaxe"
		},
		{
			"id": "minecraft:bread",
			"count": 6
		},
                {       
                        "id":"coins_and_randoms_loot:charm_of_the_lost_clan"
                }
	],
	"animation": "epicfight:biped/combat/axe_auto1",
	"offset": [0, 0]
}