{
	"index": 4,
	"attributes": {
		"generic.max_health": 20,
                "generic.armor": 1,
		"generic.movement_speed": 0.08,
		"paraglider:max_stamina": 42
	},
	"starting_skills": [
		"epicfight:roll",
		"epicfight:emergency_escape"
	],
	"items": [
		{
			"id":"irons_spellbooks:graybeard_staff",
			"slot": "mainhand"
		},
		{
			"id": "minecraft:bread",
			"count": 10,
			"slot": "mainhand"
		}
	],
	"animation": "epicfight:biped/combat/bow_shot_mid",
	"offset": [0, 0]
}