{
  "biomes": [
    [
      {
        "type": "REGISTRY_NAME",
        "negate": false,
        "value": "terralith:fractured_savanna"
      }
    ],
    [
      {
        "type": "REGISTRY_NAME",
        "negate": false,
        "value": "terralith:savanna_slopes"
      }
    ],
    [
      {
        "type": "REGISTRY_NAME",
        "negate": false,
        "value": "byg:baobab_savanna"
      }
    ],
    [
      {
        "type": "REGISTRY_NAME",
        "negate": false,
        "value": "byg:araucaria_savanna"
      }
    ]
  ]
}
