{
	"usePreferredModel": false,
	"ignoredSynchronizedPreferredModel": true,
	"preferredModel": "MALE",
	"ironPlateDurability": 25,
	"ironPlateHelmetDef": 8,
	"ironPlateChestDef": 10,
	"ironPlateLegsDef": 9,
	"ironPlateFeetDef": 7,
	"ironPlateEnchantability": 6,
	"ironPlateToughness": 0.0,
	"holyDurability": 40,
	"holyHelmetDef": 9,
	"holyChestDef": 12,
	"holyLegsDef": 11,
	"holyFeetDef": 9,
	"holyEnchantability": 4,
	"holyToughness": 2.0,
	"exaltedAurumDurability": 35,
	"exaltedAurumHelmetDef": 7,
	"exaltedAurumChestDef": 12,
	"exaltedAurumLegsDef": 9,
	"exaltedAurumFeetDef": 8,
	"exaltedAurumEnchantability": 12,
	"exaltedAurumToughness": 3.0,
	"japaneseLightDurability": 12,
	"japaneseLightHelmetDef": 8,
	"japaneseLightChestDef": 9,
	"japaneseLightLegsDef": 8,
	"japaneseLightFeetDef": 7,
	"japaneseLightEnchantability": 10,
	"japaneseLightToughness": 0.0,
	"oYoroiDurability": 20,
	"oYoroiHelmetDef": 8,
	"oYoroiChestDef": 10,
	"oYoroiLegsDef": 9,
	"oYoroiFeetDef": 8,
	"oYoroiEnchantability": 16,
	"oYoroiToughness": 2.0,
	"raijinDurability": 35,
	"raijinHelmetDef": 8,
	"raijinChestDef": 11,
	"raijinLegsDef": 10,
	"raijinFeetDef": 8,
	"raijinEnchantability": 26,
	"raijinToughness": 2.0,
	"pharaohDurability": 10,
	"pharaohHelmetDef": 8,
	"pharaohChestDef": 11,
	"pharaohLegsDef": 10,
	"pharaohFeetDef": 7,
	"pharaohEnchantability": 37,
	"pharaohToughness": 2.0,
	"anubisDurability": 25,
	"anubisHelmetDef": 8,
	"anubisChestDef": 11,
	"anubisLegsDef": 9,
	"anubisFeetDef": 7,
	"anubisEnchantability": 52,
	"anubisToughness": 3.0,
	"centurionDurability": 22,
	"centurionHelmetDef": 9,
	"centurionChestDef": 12,
	"centurionLegsDef": 10,
	"centurionFeetDef": 9,
	"centurionEnchantability": 10,
	"centurionToughness": 3.0,
	"quetzalcoatlDurability": 25,
	"quetzalcoatlHelmetDef": 7,
	"quetzalcoatlChestDef": 10,
	"quetzalcoatlLegsDef": 9,
	"quetzalcoatlFeetDef": 6,
	"quetzalcoatlEnchantability": 20,
	"quetzalcoatlToughness": 6.0,
	"generateArmorLoot": true,
	"generateBambooHat": true,
	"generateAnubisArmor": false,
	"generateCenturionArmor": false,
	"generateExaltedAurumArmor": false,
	"generateHolyArmor": false,
	"generateIronPlateArmor": false,
	"generateJapaneseLightArmor": false,
	"generateOYoroiArmor": false,
	"generatePharaohArmor": false,
	"generateQuetzalcoatlArmor": false,
	"generateRaijinArmor": false
}