{
  "arenas": {
    "sky_arena": {
      "startingPoints": 500,
      "pointsIncrease": 100,
      "mobSpawnRadius": 20,
      "spawnDistanceFromPlayer": 10,
      "mobCostRatio": 20,
      "baseScalingThreshold": 120,
      "mobStatGrowthCoefficient": 1.0,
      "squadSpawnChance": 0.35,
      "squadSpawnSize": 3,
      "battleLossDistance": 35,
      "mobTeleportDistance": 35,
      "maxDifficultyLevel": 0,
      "allowDifficultyReset": true,
      "allowWaterAndAirSpawn":false,
      "individualPlayerStats": true,
      "nightTime": true,
      "enableRain": false,
      "enableMobItemDrop": false,
      "reward": "skyarena:battle_rewards/crimson_key",
      "rewardIncreaseInterval": 10,
      "mobValues": {
        "minecraft:zombie": 20,
        "minecraft:skeleton": 30,
        "minecraft:blaze": 40,
        "minecraft:evoker": 80,
        "minecraft:husk": 25,
        "minecraft:illusioner": 45,
        "minecraft:slime": 20,
        "minecraft:magma_cube": 25,
        "minecraft:zombified_piglin": 35,
        "minecraft:pillager": 35,
        "minecraft:ravager": 150,
        "minecraft:stray": 35,
        "minecraft:vindicator": 50,
        "minecraft:warden": 2400,
        "minecraft:zoglin": 55,
        "minecraft:witch": 30,
        "minecraft:wither_skeleton": 45,
        "born_in_chaos_v1:barrel_zombie": 35,
        "born_in_chaos_v1:bonescaller": 40,
        "born_in_chaos_v1:dark_vortex": 55,
        "born_in_chaos_v1:decaying_zombie": 25,
        "born_in_chaos_v1:dire_hound_leader": 200,
        "born_in_chaos_v1:door_knight": 40,
        "born_in_chaos_v1:dread_hound": 25,
        "born_in_chaos_v1:fallen_chaos_knight": 80,
        "born_in_chaos_v1:felsteed": 80,
        "born_in_chaos_v1:lifestealer_true_form": 250,
        "born_in_chaos_v1:mother_spider": 170,
        "born_in_chaos_v1:mrs_pumpkin": 30,
        "born_in_chaos_v1:nightmare_stalker": 120,
        "born_in_chaos_v1:seared_spirit": 65,
        "born_in_chaos_v1:siamese_skeletons": 25,
        "born_in_chaos_v1:skeleton_thrasher": 90,
        "born_in_chaos_v1:spirit_guide": 45,
        "born_in_chaos_v1:spiritof_chaos": 80,
        "born_in_chaos_v1:supreme_bonescaller": 160,
        "born_in_chaos_v1:swarmer": 60,
        "born_in_chaos_v1:zombie_bruiser": 80,
        "born_in_chaos_v1:zombie_clown": 55,
        "born_in_chaos_v1:zombie_fisherman": 25,
        "born_in_chaos_v1:zombie_lumberjack": 35,
        "iceandfire:troll": 80,
        "mutantmonsters:mutant_zombie": 200,
        "mutantmonsters:mutant_skeleton": 220,
        "alexsmobs:mimicube": 40,
        "alexsmobs:murmur": 40,
        "alexsmobs:warped_mosco": 170,
        "alexsmobs:guster": 25,
        "alexsmobs:rocky_roller": 25,
        "realmrpg_wyrms:ender_wyrm": 55,
        "realmrpg_wyrms:red_wyrm": 45,
        "cataclysm:amethyst_crab": 250,
        "cataclysm:aptrgangr": 250,
        "cataclysm:coral_golem": 160,
        "cataclysm:coralssus": 180,
        "cataclysm:draugr": 30,
        "cataclysm:elite_draugr": 40,
        "cataclysm:ender_golem": 250,
        "cataclysm:royal_draugr": 40,
        "cataclysm:the_prowler": 250,
        "cataclysm:wadjet": 250,
        "cataclysm:ignited_revenant": 170,
        "cataclysm:ignited_berserker": 130,
        "cataclysm:the_watcher": 40,
        "cataclysm:deepling": 50,
        "cataclysm:deepling_brute": 100,
        "cataclysm:deepling_angler": 45,
        "cataclysm:deepling_priest": 70,
        "cataclysm:deepling_warlock": 70,
        "cataclysm:koboleton": 45,
        "call_of_yucutan:undead_warrior": 25,
        "call_of_yucutan:blowgun_huracan": 40,
        "netherexp:ecto_slab": 25,
        "netherexp:banshee": 30,
        "netherexp:vessel": 30,
        "savage_and_ravage:trickster": 40,
        "savage_and_ravage:skeleton_villager": 30,
        "savage_and_ravage:iceologer": 50,
        "savage_and_ravage:griefer": 50,
        "savage_and_ravage:executioner": 60,
        "illagerinvasion:alchemist": 40,
        "illagerinvasion:sorcerer": 40,
        "illagerinvasion:necromancer": 80,
        "mowziesmobs:naga": 60,
        "mowziesmobs:bluff": 85,
        "irons_spellbooks:citadel_keeper": 150,
        "irons_spellbooks:archevoker": 150,
        "irons_spellbooks:necromancer": 80,
        "irons_spellbooks:cryomancer": 150,
        "irons_spellbooks:pyromancer": 150,
        "irons_spellbooks:apothecarist": 150,
        "aquamirae:tortured_soul": 40,
        "quark:forgotten": 90,
        "iter_rpg:earth_elemental": 55,
        "iter_rpg:water_elemental": 45,
        "iter_rpg:air_elemental": 55,
        "iter_rpg:fire_elemental": 55,
        "iter_rpg:void_elemental": 65,
        "alexscaves:caniac": 40,
        "alexscaves:licowitch": 50,
        "alexscaves:brainiac": 100,
        "galosphere:berserker": 210,
        "caverns_and_chasms:mime": 100,
        "eeeabsmobs:corpse_warlock": 270,
        "eeeabsmobs:guling_sentinel_heavy": 250,
        "eeeabsmobs:immortal_executioner": 150
      }
    },
    "ice_arena": {
      "startingPoints": 500,
      "pointsIncrease": 100,
      "mobSpawnRadius": 36,
      "spawnDistanceFromPlayer": 18,
      "mobCostRatio": 20,
      "baseScalingThreshold": 120,
      "mobStatGrowthCoefficient": 1.0,
      "squadSpawnChance": 0.35,
      "squadSpawnSize": 3,
      "battleLossDistance": 60,
      "mobTeleportDistance": 50,
      "maxDifficultyLevel": 0,
      "allowDifficultyReset": true,
      "allowWaterAndAirSpawn": false,
      "individualPlayerStats": true,
      "nightTime": true,
      "enableRain": false,
      "enableMobItemDrop": false,
      "reward": "skyarena:battle_rewards/ice_key",
      "rewardIncreaseInterval": 10,
      "mobValues": {
        "minecraft:zombie": 20,
        "minecraft:skeleton": 30,
        "minecraft:blaze": 40,
        "minecraft:evoker": 80,
        "minecraft:husk": 25,
        "minecraft:illusioner": 45,
        "minecraft:slime": 20,
        "minecraft:magma_cube": 25,
        "minecraft:zombified_piglin": 35,
        "minecraft:pillager": 35,
        "minecraft:ravager": 150,
        "minecraft:stray": 35,
        "minecraft:vindicator": 50,
        "minecraft:warden": 2400,
        "minecraft:zoglin": 55,
        "minecraft:witch": 30,
        "minecraft:wither_skeleton": 45,
        "born_in_chaos_v1:barrel_zombie": 35,
        "born_in_chaos_v1:bonescaller": 40,
        "born_in_chaos_v1:dark_vortex": 55,
        "born_in_chaos_v1:decaying_zombie": 25,
        "born_in_chaos_v1:dire_hound_leader": 200,
        "born_in_chaos_v1:door_knight": 40,
        "born_in_chaos_v1:dread_hound": 25,
        "born_in_chaos_v1:fallen_chaos_knight": 80,
        "born_in_chaos_v1:felsteed": 80,
        "born_in_chaos_v1:lifestealer_true_form": 250,
        "born_in_chaos_v1:mother_spider": 170,
        "born_in_chaos_v1:mrs_pumpkin": 30,
        "born_in_chaos_v1:nightmare_stalker": 120,
        "born_in_chaos_v1:seared_spirit": 65,
        "born_in_chaos_v1:siamese_skeletons": 25,
        "born_in_chaos_v1:skeleton_thrasher": 90,
        "born_in_chaos_v1:spirit_guide": 45,
        "born_in_chaos_v1:spiritof_chaos": 80,
        "born_in_chaos_v1:supreme_bonescaller": 160,
        "born_in_chaos_v1:swarmer": 60,
        "born_in_chaos_v1:zombie_bruiser": 80,
        "born_in_chaos_v1:zombie_clown": 55,
        "born_in_chaos_v1:zombie_fisherman": 25,
        "born_in_chaos_v1:zombie_lumberjack": 35,
        "iceandfire:troll": 80,
        "mutantmonsters:mutant_zombie": 200,
        "mutantmonsters:mutant_skeleton": 220,
        "alexsmobs:mimicube": 40,
        "alexsmobs:murmur": 40,
        "alexsmobs:warped_mosco": 170,
        "alexsmobs:guster": 25,
        "alexsmobs:rocky_roller": 25,
        "realmrpg_wyrms:ender_wyrm": 55,
        "realmrpg_wyrms:red_wyrm": 45,
        "cataclysm:amethyst_crab": 250,
        "cataclysm:aptrgangr": 250,
        "cataclysm:coral_golem": 160,
        "cataclysm:coralssus": 180,
        "cataclysm:draugr": 30,
        "cataclysm:elite_draugr": 40,
        "cataclysm:ender_golem": 250,
        "cataclysm:royal_draugr": 40,
        "cataclysm:the_prowler": 250,
        "cataclysm:wadjet": 250,
        "cataclysm:ignited_revenant": 170,
        "cataclysm:ignited_berserker": 130,
        "cataclysm:the_watcher": 40,
        "cataclysm:deepling": 50,
        "cataclysm:deepling_brute": 100,
        "cataclysm:deepling_angler": 45,
        "cataclysm:deepling_priest": 70,
        "cataclysm:deepling_warlock": 70,
        "cataclysm:koboleton": 45,
        "call_of_yucutan:undead_warrior": 25,
        "call_of_yucutan:blowgun_huracan": 40,
        "netherexp:ecto_slab": 25,
        "netherexp:banshee": 30,
        "netherexp:vessel": 30,
        "savage_and_ravage:trickster": 40,
        "savage_and_ravage:skeleton_villager": 30,
        "savage_and_ravage:iceologer": 50,
        "savage_and_ravage:griefer": 50,
        "savage_and_ravage:executioner": 60,
        "illagerinvasion:alchemist": 40,
        "illagerinvasion:sorcerer": 40,
        "illagerinvasion:necromancer": 80,
        "mowziesmobs:naga": 60,
        "mowziesmobs:bluff": 85,
        "irons_spellbooks:citadel_keeper": 150,
        "irons_spellbooks:archevoker": 150,
        "irons_spellbooks:necromancer": 80,
        "irons_spellbooks:cryomancer": 150,
        "irons_spellbooks:pyromancer": 150,
        "irons_spellbooks:apothecarist": 150,
        "aquamirae:tortured_soul": 40,
        "quark:forgotten": 90,
        "iter_rpg:earth_elemental": 55,
        "iter_rpg:water_elemental": 45,
        "iter_rpg:air_elemental": 55,
        "iter_rpg:fire_elemental": 55,
        "iter_rpg:void_elemental": 65,
        "alexscaves:caniac": 40,
        "alexscaves:licowitch": 50,
        "alexscaves:brainiac": 100,
        "galosphere:berserker": 210,
        "caverns_and_chasms:mime": 100,
        "eeeabsmobs:corpse_warlock": 270,
        "eeeabsmobs:guling_sentinel_heavy": 250,
        "eeeabsmobs:immortal_executioner": 150
      }
    }
  },
  "keys": {
    "skyarena:crimson_key": [
      "minecraft:chests/abandoned_mineshaft",
      "minecraft:chests/ancient_city",
      "minecraft:chests/ancient_city_ice_box",
      "minecraft:chests/bastion_bridge",
      "minecraft:chests/bastion_hoglin_stable",
      "minecraft:chests/bastion_other",
      "minecraft:chests/bastion_treasure",
      "minecraft:chests/buried_treasure",
      "minecraft:chests/desert_pyramid",
      "minecraft:chests/end_city_treasure",
      "minecraft:chests/igloo_chest",
      "minecraft:chests/jungle_temple",
      "minecraft:chests/nether_bridge",
      "minecraft:chests/pillager_outpost",
      "minecraft:chests/ruined_portal",
      "minecraft:chests/shipwreck_supply",
      "minecraft:chests/shipwreck_treasure",
      "minecraft:chests/simple_dungeon",
      "minecraft:chests/stronghold_library",
      "minecraft:chests/underwater_ruin_big",
      "minecraft:chests/underwater_ruin_small",
      "minecraft:chests/village/village_temple",
      "minecraft:chests/woodland_mansion",
      "minecraft:chests/chest_level_2",
      "minecraft:chests/chest_level_3",
      "minecraft:chests/firewell_d",
      "minecraft:chests/shater",
      "iceandfire:chest/fire_dragon_female_cave",
      "iceandfire:chest/fire_dragon_male_cave",
      "iceandfire:chest/ice_dragon_female_cave",
      "iceandfire:chest/ice_dragon_male_cave",
      "iceandfire:chest/lightning_dragon_female_cave",
      "iceandfire:chest/lightning_dragon_male_cave",
      "iceandfire:chest/mausoleum_chest"
    ],
    "skyarena:desert_key": [
      "minecraft:chests/abandoned_mineshaft",
      "minecraft:chests/ancient_city",
      "minecraft:chests/ancient_city_ice_box",
      "minecraft:chests/bastion_bridge",
      "minecraft:chests/bastion_hoglin_stable",
      "minecraft:chests/bastion_other",
      "minecraft:chests/bastion_treasure",
      "minecraft:chests/buried_treasure",
      "minecraft:chests/desert_pyramid",
      "minecraft:chests/end_city_treasure",
      "minecraft:chests/igloo_chest",
      "minecraft:chests/jungle_temple",
      "minecraft:chests/nether_bridge",
      "minecraft:chests/pillager_outpost",
      "minecraft:chests/ruined_portal",
      "minecraft:chests/shipwreck_supply",
      "minecraft:chests/shipwreck_treasure",
      "minecraft:chests/simple_dungeon",
      "minecraft:chests/stronghold_library",
      "minecraft:chests/underwater_ruin_big",
      "minecraft:chests/underwater_ruin_small",
      "minecraft:chests/village/village_temple",
      "minecraft:chests/woodland_mansion",
      "minecraft:chests/chest_level_2",
      "minecraft:chests/chest_level_3",
      "minecraft:chests/firewell_d",
      "minecraft:chests/shater",
      "iceandfire:chest/fire_dragon_female_cave",
      "iceandfire:chest/fire_dragon_male_cave",
      "iceandfire:chest/ice_dragon_female_cave",
      "iceandfire:chest/ice_dragon_male_cave",
      "iceandfire:chest/lightning_dragon_female_cave",
      "iceandfire:chest/lightning_dragon_male_cave",
      "iceandfire:chest/mausoleum_chest"
    ],
    "skyarena:ender_key": [
      "minecraft:chests/abandoned_mineshaft",
      "minecraft:chests/ancient_city",
      "minecraft:chests/ancient_city_ice_box",
      "minecraft:chests/bastion_bridge",
      "minecraft:chests/bastion_hoglin_stable",
      "minecraft:chests/bastion_other",
      "minecraft:chests/bastion_treasure",
      "minecraft:chests/buried_treasure",
      "minecraft:chests/desert_pyramid",
      "minecraft:chests/end_city_treasure",
      "minecraft:chests/igloo_chest",
      "minecraft:chests/jungle_temple",
      "minecraft:chests/nether_bridge",
      "minecraft:chests/pillager_outpost",
      "minecraft:chests/ruined_portal",
      "minecraft:chests/shipwreck_supply",
      "minecraft:chests/shipwreck_treasure",
      "minecraft:chests/simple_dungeon",
      "minecraft:chests/stronghold_library",
      "minecraft:chests/underwater_ruin_big",
      "minecraft:chests/underwater_ruin_small",
      "minecraft:chests/village/village_temple",
      "minecraft:chests/woodland_mansion",
      "minecraft:chests/chest_level_2",
      "minecraft:chests/chest_level_3",
      "minecraft:chests/firewell_d",
      "minecraft:chests/shater",
      "iceandfire:chest/fire_dragon_female_cave",
      "iceandfire:chest/fire_dragon_male_cave",
      "iceandfire:chest/ice_dragon_female_cave",
      "iceandfire:chest/ice_dragon_male_cave",
      "iceandfire:chest/lightning_dragon_female_cave",
      "iceandfire:chest/lightning_dragon_male_cave",
      "iceandfire:chest/mausoleum_chest"
    ],
    "skyarena:ice_key": [
      "minecraft:chests/abandoned_mineshaft",
      "minecraft:chests/ancient_city",
      "minecraft:chests/ancient_city_ice_box",
      "minecraft:chests/bastion_bridge",
      "minecraft:chests/bastion_hoglin_stable",
      "minecraft:chests/bastion_other",
      "minecraft:chests/bastion_treasure",
      "minecraft:chests/buried_treasure",
      "minecraft:chests/desert_pyramid",
      "minecraft:chests/end_city_treasure",
      "minecraft:chests/igloo_chest",
      "minecraft:chests/jungle_temple",
      "minecraft:chests/nether_bridge",
      "minecraft:chests/pillager_outpost",
      "minecraft:chests/ruined_portal",
      "minecraft:chests/shipwreck_supply",
      "minecraft:chests/shipwreck_treasure",
      "minecraft:chests/simple_dungeon",
      "minecraft:chests/stronghold_library",
      "minecraft:chests/underwater_ruin_big",
      "minecraft:chests/underwater_ruin_small",
      "minecraft:chests/village/village_temple",
      "minecraft:chests/woodland_mansion",
      "minecraft:chests/chest_level_2",
      "minecraft:chests/chest_level_3",
      "minecraft:chests/firewell_d",
      "minecraft:chests/shater",
      "iceandfire:chest/fire_dragon_female_cave",
      "iceandfire:chest/fire_dragon_male_cave",
      "iceandfire:chest/ice_dragon_female_cave",
      "iceandfire:chest/ice_dragon_male_cave",
      "iceandfire:chest/lightning_dragon_female_cave",
      "iceandfire:chest/lightning_dragon_male_cave",
      "iceandfire:chest/mausoleum_chest"
    ],
    "skyarena:forest_key": [
      "minecraft:chests/abandoned_mineshaft",
      "minecraft:chests/ancient_city",
      "minecraft:chests/ancient_city_ice_box",
      "minecraft:chests/bastion_bridge",
      "minecraft:chests/bastion_hoglin_stable",
      "minecraft:chests/bastion_other",
      "minecraft:chests/bastion_treasure",
      "minecraft:chests/buried_treasure",
      "minecraft:chests/desert_pyramid",
      "minecraft:chests/end_city_treasure",
      "minecraft:chests/igloo_chest",
      "minecraft:chests/jungle_temple",
      "minecraft:chests/nether_bridge",
      "minecraft:chests/pillager_outpost",
      "minecraft:chests/ruined_portal",
      "minecraft:chests/shipwreck_supply",
      "minecraft:chests/shipwreck_treasure",
      "minecraft:chests/simple_dungeon",
      "minecraft:chests/stronghold_library",
      "minecraft:chests/underwater_ruin_big",
      "minecraft:chests/underwater_ruin_small",
      "minecraft:chests/village/village_temple",
      "minecraft:chests/woodland_mansion",
      "minecraft:chests/chest_level_2",
      "minecraft:chests/chest_level_3",
      "minecraft:chests/firewell_d",
      "minecraft:chests/shater",
      "iceandfire:chest/fire_dragon_female_cave",
      "iceandfire:chest/fire_dragon_male_cave",
      "iceandfire:chest/ice_dragon_female_cave",
      "iceandfire:chest/ice_dragon_male_cave",
      "iceandfire:chest/lightning_dragon_female_cave",
      "iceandfire:chest/lightning_dragon_male_cave",
      "iceandfire:chest/mausoleum_chest"
    ]
  },
  "trophies": {
    "oak_trophy": {
      "cooldown": 0,
      "effects": {
        "minecraft:haste": {
          "duration": 1800,
          "amplifier": 0
        }
      }
    },
    "stone_trophy": {
      "cooldown": 0,
      "effects": {
        "minecraft:speed": {
          "duration": 1800,
          "amplifier": 0
        }
      }
    },
    "iron_trophy": {
      "cooldown": 0,
      "effects": {
        "minecraft:resistance": {
          "duration": 1800,
          "amplifier": 0
        }
      }
    },
    "gold_trophy": {
      "cooldown": 30,
      "effects": {
        "minecraft:absorption": {
          "duration": 1800,
          "amplifier": 2
        }
      }
    },
    "diamond_trophy": {
      "cooldown": 0,
      "effects": {
        "minecraft:regeneration": {
          "duration": 1800,
          "amplifier": 0
        }
      }
    },
    "netherite_trophy": {
      "cooldown": 0,
      "effects": {
        "minecraft:strength": {
          "duration": 1800,
          "amplifier": 0
        },
        "minecraft:luck": {
          "duration": 1800,
          "amplifier": 0
        }
      }
    }
  }
}
