{"name":"Assassin Case","key":"csgobox:csgo_key0","drop":0,"random":[2,5,6,20,67],"entity":["minecraft:zombie"],"grade1":["{\"id\":\"spartanweaponry:netherite_dagger\",\"Count\":1,\"tag\":{\"affix_data\":{\"sockets\":1},\"Damage\":0}}","{\"id\":\"spartanweaponry:diamond_dagger\",\"Count\":1,\"tag\":{\"affix_data\":{\"sockets\":1},\"Damage\":0}}","{\"id\":\"spartanweaponry:netherite_parrying_dagger\",\"Count\":1,\"tag\":{\"affix_data\":{\"sockets\":1},\"Damage\":0}}","{\"id\":\"spartanweaponry:diamond_parrying_dagger\",\"Count\":1,\"tag\":{\"affix_data\":{\"sockets\":1},\"Damage\":0}}","{\"id\":\"spartanfire:dragon_bone_dagger\",\"Count\":1,\"tag\":{\"affix_data\":{\"sockets\":1},\"Damage\":0}}","{\"id\":\"spartanfire:dragon_bone_parrying_dagger\",\"Count\":1,\"tag\":{\"affix_data\":{\"sockets\":1},\"Damage\":0}}"],"grade2":["{\"id\":\"spartanfire:flamed_dragon_bone_dagger\",\"Count\":1,\"tag\":{\"affix_data\":{\"sockets\":1},\"Damage\":0}}","{\"id\":\"irons_spellbooks:scroll\",\"Count\":1,\"tag\":{\"ISB_Spells\":{\"maxSpells\":1,\"mustEquip\":0,\"data\":[{\"index\":0,\"id\":\"irons_spellbooks:root\",\"locked\":1,\"level\":5}],\"spellWheel\":0}}}","{\"id\":\"irons_spellbooks:scroll\",\"Count\":1,\"tag\":{\"ISB_Spells\":{\"maxSpells\":1,\"mustEquip\":0,\"data\":[{\"index\":0,\"id\":\"irons_spellbooks:heat_surge\",\"locked\":1,\"level\":4}],\"spellWheel\":0}}}"],"grade3":["{\"id\":\"csgobox:csgo_box\",\"Count\":16,\"tag\":{\"BoxItemInfo\":{\"drop\":0.001,\"random\":[2,5,6,20,100],\"name\":\"Curses Magical Case\",\"grade5\":[\"{\\\"id\\\":\\\"l2hostility:greed_of_nidhoggur\\\",\\\"Count\\\":1}\",\"{\\\"id\\\":\\\"l2hostility:curse_of_pride\\\",\\\"Count\\\":1}\",\"{\\\"id\\\":\\\"l2hostility:flaming_thorn\\\",\\\"Count\\\":1}\",\"{\\\"id\\\":\\\"l2hostility:abyssal_thorn\\\",\\\"Count\\\":1}\",\"{\\\"id\\\":\\\"l2hostility:divinity_cross\\\",\\\"Count\\\":1}\",\"{\\\"id\\\":\\\"l2hostility:divinity_light\\\",\\\"Count\\\":1}\"],\"grade4\":[\"{\\\"id\\\":\\\"l2hostility:curse_of_lust\\\",\\\"Count\\\":1}\",\"{\\\"id\\\":\\\"l2hostility:curse_of_greed\\\",\\\"Count\\\":1}\"],\"grade3\":[\"{\\\"id\\\":\\\"l2hostility:oddeyes_glasses\\\",\\\"Count\\\":1}\",\"{\\\"id\\\":\\\"l2hostility:curse_of_sloth\\\",\\\"Count\\\":1}\",\"{\\\"id\\\":\\\"l2hostility:curse_of_wrath\\\",\\\"Count\\\":1}\"],\"grade2\":[\"{\\\"id\\\":\\\"l2hostility:miracle_ingot\\\",\\\"Count\\\":1}\",\"{\\\"id\\\":\\\"l2hostility:chaos_ingot\\\",\\\"Count\\\":1}\",\"{\\\"id\\\":\\\"l2hostility:triple_strip_cape\\\",\\\"Count\\\":1}\",\"{\\\"id\\\":\\\"l2hostility:imagine_breaker\\\",\\\"Count\\\":1}\",\"{\\\"id\\\":\\\"l2hostility:platinum_star\\\",\\\"Count\\\":1}\"],\"grade1\":[\"{\\\"id\\\":\\\"l2hostility:charm_of_looting_4\\\",\\\"Count\\\":1}\",\"{\\\"id\\\":\\\"l2hostility:charm_of_looting_3\\\",\\\"Count\\\":1}\",\"{\\\"id\\\":\\\"l2hostility:charm_of_looting_2\\\",\\\"Count\\\":1}\",\"{\\\"id\\\":\\\"l2hostility:charm_of_looting_1\\\",\\\"Count\\\":1}\",\"{\\\"id\\\":\\\"l2hostility:bottle_of_curse\\\",\\\"Count\\\":1}\"],\"key\":\"csgobox:csgo_key2\",\"entity\":[\"minecraft:zombie\",\"minecraft:skeleton\",\"minecraft:spider\",\"minecraft:creeper\"]}}}","{\"id\":\"spartanfire:iced_dragon_bone_parrying_dagger\",\"Count\":1,\"tag\":{\"affix_data\":{\"sockets\":1},\"Damage\":0}}"],"grade4":["{\"id\":\"irons_spellbooks:scroll\",\"Count\":1,\"tag\":{\"ISB_Spells\":{\"maxSpells\":1,\"mustEquip\":0,\"data\":[{\"index\":0,\"id\":\"irons_spellbooks:evasion\",\"locked\":1,\"level\":4}],\"spellWheel\":0}}}","{\"id\":\"coins_and_randoms_loot:assassin_rage_boost_stone\",\"Count\":1}"],"grade5":["{\"id\":\"spartanfire:fire_dragonsteel_parrying_dagger\",\"Count\":1,\"tag\":{\"affix_data\":{\"sockets\":1},\"Damage\":0}}","{\"id\":\"spartanfire:ice_dragonsteel_parrying_dagger\",\"Count\":1,\"tag\":{\"affix_data\":{\"sockets\":1},\"Damage\":0}}","{\"id\":\"spartanfire:fire_dragonsteel_dagger\",\"Count\":1,\"tag\":{\"affix_data\":{\"sockets\":1},\"Damage\":0}}"]}