{"name":"BackPack Case","key":"csgobox:csgo_key0","drop":0,"random":[2,3,4,5,10],"entity":["minecraft:zombie"],"grade1":["{\"id\":\"sophisticatedbackpacks:copper_backpack\",\"Count\":1,\"tag\":{\"inventorySlots\":45,\"borderColor\":16701501,\"renderInfo\":{\"upgradeItems\":[{\"ForgeCaps\":{\"celestisynth:celestisynthitemstackcapabilities\":{\"cs.aquaSkin\":0}},\"id\":\"minecraft:air\",\"Count\":1}]},\"contentsUuid\":[-1358573894,978667425,-1829398826,-1540940260],\"upgradeSlots\":1,\"clothColor\":16701501}}","{\"id\":\"sophisticatedbackpacks:copper_backpack\",\"Count\":1,\"tag\":{\"inventorySlots\":45,\"borderColor\":16351261,\"renderInfo\":{\"upgradeItems\":[{\"ForgeCaps\":{\"celestisynth:celestisynthitemstackcapabilities\":{\"cs.aquaSkin\":0}},\"id\":\"minecraft:air\",\"Count\":1}]},\"contentsUuid\":[86814771,-1496299182,-1329748760,-941219007],\"upgradeSlots\":1,\"clothColor\":16351261}}","{\"id\":\"sophisticatedbackpacks:copper_backpack\",\"Count\":1,\"tag\":{\"inventorySlots\":45,\"borderColor\":8606770,\"renderInfo\":{\"upgradeItems\":[{\"ForgeCaps\":{\"celestisynth:celestisynthitemstackcapabilities\":{\"cs.aquaSkin\":0}},\"id\":\"minecraft:air\",\"Count\":1}]},\"contentsUuid\":[989968492,1388137718,-1355640476,747367390],\"upgradeSlots\":1,\"clothColor\":8606770}}","{\"id\":\"sophisticatedbackpacks:copper_backpack\",\"Count\":1,\"tag\":{\"inventorySlots\":45,\"borderColor\":2895973,\"renderInfo\":{\"upgradeItems\":[{\"ForgeCaps\":{\"celestisynth:celestisynthitemstackcapabilities\":{\"cs.aquaSkin\":0}},\"id\":\"minecraft:air\",\"Count\":1}]},\"contentsUuid\":[-697150336,-1784854305,-1579098276,893160272],\"upgradeSlots\":1,\"clothColor\":12439408}}","{\"id\":\"sophisticatedbackpacks:iron_backpack\",\"Count\":1,\"tag\":{\"inventorySlots\":54,\"borderColor\":16383998,\"renderInfo\":{\"upgradeItems\":[{\"ForgeCaps\":{\"celestisynth:celestisynthitemstackcapabilities\":{\"cs.aquaSkin\":0}},\"id\":\"minecraft:air\",\"Count\":1},{\"ForgeCaps\":{\"celestisynth:celestisynthitemstackcapabilities\":{\"cs.aquaSkin\":0}},\"id\":\"minecraft:air\",\"Count\":1}]},\"contentsUuid\":[265563167,-879802114,-1546020073,-1293702737],\"upgradeSlots\":2,\"clothColor\":16383998}}"],"grade2":["{\"id\":\"sophisticatedbackpacks:iron_backpack\",\"Count\":1,\"tag\":{\"inventorySlots\":54,\"borderColor\":8439583,\"renderInfo\":{\"upgradeItems\":[{\"ForgeCaps\":{\"celestisynth:celestisynthitemstackcapabilities\":{\"cs.aquaSkin\":0}},\"id\":\"minecraft:air\",\"Count\":1},{\"ForgeCaps\":{\"celestisynth:celestisynthitemstackcapabilities\":{\"cs.aquaSkin\":0}},\"id\":\"minecraft:air\",\"Count\":1}]},\"contentsUuid\":[418192992,1720731351,-1698841792,214658874],\"upgradeSlots\":2,\"clothColor\":8439583}}","{\"id\":\"sophisticatedbackpacks:gold_backpack\",\"Count\":1,\"tag\":{\"inventorySlots\":81,\"borderColor\":6192150,\"renderInfo\":{\"upgradeItems\":[{\"ForgeCaps\":{\"celestisynth:celestisynthitemstackcapabilities\":{\"cs.aquaSkin\":0}},\"id\":\"minecraft:air\",\"Count\":1},{\"ForgeCaps\":{\"celestisynth:celestisynthitemstackcapabilities\":{\"cs.aquaSkin\":0}},\"id\":\"minecraft:air\",\"Count\":1},{\"ForgeCaps\":{\"celestisynth:celestisynthitemstackcapabilities\":{\"cs.aquaSkin\":0}},\"id\":\"minecraft:air\",\"Count\":1}]},\"contentsUuid\":[1385509370,1217481706,-1889822028,-759871741],\"upgradeSlots\":3,\"clothColor\":6192150}}","{\"id\":\"sophisticatedbackpacks:iron_backpack\",\"Count\":1,\"tag\":{\"inventorySlots\":54,\"borderColor\":10329495,\"renderInfo\":{\"upgradeItems\":[{\"ForgeCaps\":{\"celestisynth:celestisynthitemstackcapabilities\":{\"cs.aquaSkin\":0}},\"id\":\"minecraft:air\",\"Count\":1},{\"ForgeCaps\":{\"celestisynth:celestisynthitemstackcapabilities\":{\"cs.aquaSkin\":0}},\"id\":\"minecraft:air\",\"Count\":1}]},\"contentsUuid\":[-529860783,524240005,-1168855462,259831840],\"upgradeSlots\":2,\"clothColor\":10329495}}","{\"id\":\"sophisticatedbackpacks:iron_backpack\",\"Count\":1,\"tag\":{\"inventorySlots\":54,\"borderColor\":1481884,\"renderInfo\":{\"upgradeItems\":[{\"ForgeCaps\":{\"celestisynth:celestisynthitemstackcapabilities\":{\"cs.aquaSkin\":0}},\"id\":\"minecraft:air\",\"Count\":1},{\"ForgeCaps\":{\"celestisynth:celestisynthitemstackcapabilities\":{\"cs.aquaSkin\":0}},\"id\":\"minecraft:air\",\"Count\":1}]},\"contentsUuid\":[2062125703,-2137831009,-1487061780,-1342439792],\"upgradeSlots\":2,\"clothColor\":1481884}}","{\"id\":\"sophisticatedbackpacks:gold_backpack\",\"Count\":1,\"tag\":{\"inventorySlots\":81,\"borderColor\":4673362,\"renderInfo\":{\"upgradeItems\":[{\"ForgeCaps\":{\"celestisynth:celestisynthitemstackcapabilities\":{\"cs.aquaSkin\":0}},\"id\":\"minecraft:air\",\"Count\":1},{\"ForgeCaps\":{\"celestisynth:celestisynthitemstackcapabilities\":{\"cs.aquaSkin\":0}},\"id\":\"minecraft:air\",\"Count\":1},{\"ForgeCaps\":{\"celestisynth:celestisynthitemstackcapabilities\":{\"cs.aquaSkin\":0}},\"id\":\"minecraft:air\",\"Count\":1}]},\"contentsUuid\":[-325489651,1635272420,-1664161120,861404954],\"upgradeSlots\":3,\"clothColor\":4673362}}"],"grade3":["{\"id\":\"sophisticatedbackpacks:gold_backpack\",\"Count\":1,\"tag\":{\"inventorySlots\":81,\"borderColor\":3847130,\"renderInfo\":{\"upgradeItems\":[{\"ForgeCaps\":{\"celestisynth:celestisynthitemstackcapabilities\":{\"cs.aquaSkin\":0}},\"id\":\"minecraft:air\",\"Count\":1},{\"ForgeCaps\":{\"celestisynth:celestisynthitemstackcapabilities\":{\"cs.aquaSkin\":0}},\"id\":\"minecraft:air\",\"Count\":1},{\"ForgeCaps\":{\"celestisynth:celestisynthitemstackcapabilities\":{\"cs.aquaSkin\":0}},\"id\":\"minecraft:air\",\"Count\":1}]},\"contentsUuid\":[-2056724972,1807960448,-1119038435,178823697],\"upgradeSlots\":3,\"clothColor\":3847130}}","{\"id\":\"sophisticatedbackpacks:diamond_backpack\",\"Count\":1,\"tag\":{\"inventorySlots\":108,\"borderColor\":3949738,\"renderInfo\":{\"upgradeItems\":[{\"ForgeCaps\":{\"celestisynth:celestisynthitemstackcapabilities\":{\"cs.aquaSkin\":0}},\"id\":\"minecraft:air\",\"Count\":1},{\"ForgeCaps\":{\"celestisynth:celestisynthitemstackcapabilities\":{\"cs.aquaSkin\":0}},\"id\":\"minecraft:air\",\"Count\":1},{\"ForgeCaps\":{\"celestisynth:celestisynthitemstackcapabilities\":{\"cs.aquaSkin\":0}},\"id\":\"minecraft:air\",\"Count\":1},{\"ForgeCaps\":{\"celestisynth:celestisynthitemstackcapabilities\":{\"cs.aquaSkin\":0}},\"id\":\"minecraft:air\",\"Count\":1},{\"ForgeCaps\":{\"celestisynth:celestisynthitemstackcapabilities\":{\"cs.aquaSkin\":0}},\"id\":\"minecraft:air\",\"Count\":1}]},\"contentsUuid\":[-1164541153,-1460581500,-1387472466,859068780],\"upgradeSlots\":5,\"clothColor\":3949738}}","{\"id\":\"sophisticatedbackpacks:gold_backpack\",\"Count\":1,\"tag\":{\"inventorySlots\":81,\"borderColor\":13061821,\"renderInfo\":{\"upgradeItems\":[{\"ForgeCaps\":{\"celestisynth:celestisynthitemstackcapabilities\":{\"cs.aquaSkin\":0}},\"id\":\"minecraft:air\",\"Count\":1},{\"ForgeCaps\":{\"celestisynth:celestisynthitemstackcapabilities\":{\"cs.aquaSkin\":0}},\"id\":\"minecraft:air\",\"Count\":1},{\"ForgeCaps\":{\"celestisynth:celestisynthitemstackcapabilities\":{\"cs.aquaSkin\":0}},\"id\":\"minecraft:air\",\"Count\":1}]},\"contentsUuid\":[282209340,-2090842638,-1177046052,1921433047],\"upgradeSlots\":3,\"clothColor\":13061821}}"],"grade4":["{\"id\":\"sophisticatedbackpacks:diamond_backpack\",\"Count\":1,\"tag\":{\"inventorySlots\":108,\"borderColor\":8991416,\"renderInfo\":{\"upgradeItems\":[{\"ForgeCaps\":{\"celestisynth:celestisynthitemstackcapabilities\":{\"cs.aquaSkin\":0}},\"id\":\"minecraft:air\",\"Count\":1},{\"ForgeCaps\":{\"celestisynth:celestisynthitemstackcapabilities\":{\"cs.aquaSkin\":0}},\"id\":\"minecraft:air\",\"Count\":1},{\"ForgeCaps\":{\"celestisynth:celestisynthitemstackcapabilities\":{\"cs.aquaSkin\":0}},\"id\":\"minecraft:air\",\"Count\":1},{\"ForgeCaps\":{\"celestisynth:celestisynthitemstackcapabilities\":{\"cs.aquaSkin\":0}},\"id\":\"minecraft:air\",\"Count\":1},{\"ForgeCaps\":{\"celestisynth:celestisynthitemstackcapabilities\":{\"cs.aquaSkin\":0}},\"id\":\"minecraft:air\",\"Count\":1}]},\"contentsUuid\":[61179883,128994813,-1385150115,-1399339265],\"upgradeSlots\":5,\"clothColor\":8991416}}","{\"id\":\"sophisticatedbackpacks:diamond_backpack\",\"Count\":1,\"tag\":{\"inventorySlots\":108,\"borderColor\":15961002,\"renderInfo\":{\"upgradeItems\":[{\"ForgeCaps\":{\"celestisynth:celestisynthitemstackcapabilities\":{\"cs.aquaSkin\":0}},\"id\":\"minecraft:air\",\"Count\":1},{\"ForgeCaps\":{\"celestisynth:celestisynthitemstackcapabilities\":{\"cs.aquaSkin\":0}},\"id\":\"minecraft:air\",\"Count\":1},{\"ForgeCaps\":{\"celestisynth:celestisynthitemstackcapabilities\":{\"cs.aquaSkin\":0}},\"id\":\"minecraft:air\",\"Count\":1},{\"ForgeCaps\":{\"celestisynth:celestisynthitemstackcapabilities\":{\"cs.aquaSkin\":0}},\"id\":\"minecraft:air\",\"Count\":1},{\"ForgeCaps\":{\"celestisynth:celestisynthitemstackcapabilities\":{\"cs.aquaSkin\":0}},\"id\":\"minecraft:air\",\"Count\":1}]},\"contentsUuid\":[1185142301,520963565,-1480460768,-798324701],\"upgradeSlots\":5,\"clothColor\":15961002}}"],"grade5":["{\"id\":\"sophisticatedbackpacks:netherite_backpack\",\"Count\":1,\"tag\":{\"inventorySlots\":120,\"borderColor\":11546150,\"renderInfo\":{\"upgradeItems\":[{\"ForgeCaps\":{\"celestisynth:celestisynthitemstackcapabilities\":{\"cs.aquaSkin\":0}},\"id\":\"minecraft:air\",\"Count\":1},{\"ForgeCaps\":{\"celestisynth:celestisynthitemstackcapabilities\":{\"cs.aquaSkin\":0}},\"id\":\"minecraft:air\",\"Count\":1},{\"ForgeCaps\":{\"celestisynth:celestisynthitemstackcapabilities\":{\"cs.aquaSkin\":0}},\"id\":\"minecraft:air\",\"Count\":1},{\"ForgeCaps\":{\"celestisynth:celestisynthitemstackcapabilities\":{\"cs.aquaSkin\":0}},\"id\":\"minecraft:air\",\"Count\":1},{\"ForgeCaps\":{\"celestisynth:celestisynthitemstackcapabilities\":{\"cs.aquaSkin\":0}},\"id\":\"minecraft:air\",\"Count\":1},{\"ForgeCaps\":{\"celestisynth:celestisynthitemstackcapabilities\":{\"cs.aquaSkin\":0}},\"id\":\"minecraft:air\",\"Count\":1},{\"ForgeCaps\":{\"celestisynth:celestisynthitemstackcapabilities\":{\"cs.aquaSkin\":0}},\"id\":\"minecraft:air\",\"Count\":1}]},\"contentsUuid\":[1379936962,-1330494144,-1225952061,-1111596322],\"upgradeSlots\":7,\"clothColor\":11546150}}","{\"id\":\"sophisticatedbackpacks:netherite_backpack\",\"Count\":1,\"tag\":{\"inventorySlots\":120,\"borderColor\":1908001,\"renderInfo\":{\"upgradeItems\":[{\"ForgeCaps\":{\"celestisynth:celestisynthitemstackcapabilities\":{\"cs.aquaSkin\":0}},\"id\":\"minecraft:air\",\"Count\":1},{\"ForgeCaps\":{\"celestisynth:celestisynthitemstackcapabilities\":{\"cs.aquaSkin\":0}},\"id\":\"minecraft:air\",\"Count\":1},{\"ForgeCaps\":{\"celestisynth:celestisynthitemstackcapabilities\":{\"cs.aquaSkin\":0}},\"id\":\"minecraft:air\",\"Count\":1},{\"ForgeCaps\":{\"celestisynth:celestisynthitemstackcapabilities\":{\"cs.aquaSkin\":0}},\"id\":\"minecraft:air\",\"Count\":1},{\"ForgeCaps\":{\"celestisynth:celestisynthitemstackcapabilities\":{\"cs.aquaSkin\":0}},\"id\":\"minecraft:air\",\"Count\":1},{\"ForgeCaps\":{\"celestisynth:celestisynthitemstackcapabilities\":{\"cs.aquaSkin\":0}},\"id\":\"minecraft:air\",\"Count\":1},{\"ForgeCaps\":{\"celestisynth:celestisynthitemstackcapabilities\":{\"cs.aquaSkin\":0}},\"id\":\"minecraft:air\",\"Count\":1}]},\"contentsUuid\":[-368349292,-1808904346,-1780961466,-404166675],\"upgradeSlots\":7,\"clothColor\":1908001}}"]}