{"name":"Christmas Disc Case","key":"csgobox:csgo_key0","drop":0,"random":[2,5,6,20,625],"entity":["minecraft:zombie"],"grade1":["{\"id\":\"maidensmerrymaking:christmas_music_disc_2\",\"Count\":1}","{\"id\":\"christmasmusicdiscs:have_yourself_a_merry_christmas\",\"Count\":1}","{\"id\":\"christmasmusicdiscs:carol_of_the_bells\",\"Count\":1}","{\"id\":\"christmasmusicdiscs:oh_come_all_ye_faithful\",\"Count\":1}"],"grade2":["{\"id\":\"christmasmusicdiscs:feliz_navidad\",\"Count\":1}","{\"id\":\"christmasmusicdiscs:white_christmas\",\"Count\":1}"],"grade3":["{\"id\":\"christmasmusicdiscs:have_a_holly_jolly_christmas\",\"Count\":1}"],"grade4":["{\"id\":\"christmasmusicdiscs:ill_be_home_for_christmas\",\"Count\":1}"],"grade5":["{\"id\":\"maidensmerrymaking:christmas_music_disc\",\"Count\":1}","{\"id\":\"christmasmusicdiscs:we_wish_you_a_merry_christmas\",\"Count\":1}"]}