{"name":"Christmas Hat Case","key":"csgobox:csgo_key0","drop":0,"random":[2,5,6,20,625],"entity":["minecraft:zombie"],"grade1":["{\"id\":\"simplehats:mistletoe\",\"Count\":1}","{\"id\":\"simplehats:rednose\",\"Count\":1}","{\"id\":\"simplehats:grinchhat\",\"Count\":1}","{\"id\":\"simplehats:beaniefestive\",\"Count\":1}","{\"id\":\"simplehats:candycane\",\"Count\":1}"],"grade2":["{\"id\":\"simplehats:festiveribbon\",\"Count\":1}","{\"id\":\"simplehats:festiveantlers\",\"Count\":1}"],"grade3":["{\"id\":\"simplehats:presentsstack\",\"Count\":1}"],"grade4":["{\"id\":\"simplehats:baseballhatfestive\",\"Count\":1}"],"grade5":["{\"id\":\"simplehats:santaclaus\",\"Count\":1}","{\"id\":\"simplehats:christmastree\",\"Count\":1}","{\"id\":\"simplehats:hatbag_festive\",\"Count\":16}"]}