{"name":"Creeper Case","key":"csgobox:csgo_key0","drop":0.1,"random":[2,5,6,20,100],"entity":["minecraft:creeper"],"grade1":["{\"id\":\"minecraft:redstone\",\"Count\":1}","{\"id\":\"minecraft:spider_eye\",\"Count\":1}","{\"id\":\"minecraft:experience_bottle\",\"Count\":1}","{\"id\":\"minecraft:coal\",\"Count\":1}","{\"id\":\"minecraft:string\",\"Count\":3}","{\"id\":\"minecraft:tnt\",\"Count\":1}"],"grade2":["{\"id\":\"supplementaries:bomb\",\"Count\":1}","{\"id\":\"minecraft:iron_ingot\",\"Count\":4}","{\"id\":\"minecraft:flint_and_steel\",\"Count\":1,\"tag\":{\"Damage\":0}}","{\"id\":\"minecraft:emerald\",\"Count\":1}"],"grade3":["{\"id\":\"supplementaries:bomb_blue\",\"Count\":1}","{\"id\":\"irons_spellbooks:scroll\",\"Count\":1,\"tag\":{\"ISB_Spells\":{\"maxSpells\":1,\"mustEquip\":0,\"data\":[{\"index\":0,\"id\":\"irons_spellbooks:lob_creeper\",\"locked\":1,\"level\":5}],\"spellWheel\":0}}}"],"grade4":["{\"id\":\"minecraft:enchanted_book\",\"Count\":1,\"tag\":{\"StoredEnchantments\":[{\"lvl\":5,\"id\":\"minecraft:sharpness\"},{\"lvl\":2,\"id\":\"minecraft:fire_aspect\"},{\"lvl\":3,\"id\":\"minecraft:unbreaking\"},{\"lvl\":3,\"id\":\"minecraft:looting\"}],\"RepairCost\":7}}"],"grade5":["{\"id\":\"spartanweaponry:netherite_rapier\",\"Count\":1,\"tag\":{\"RepairCost\":15,\"Damage\":0,\"Enchantments\":[{\"lvl\":5,\"id\":\"minecraft:sharpness\"},{\"lvl\":2,\"id\":\"minecraft:fire_aspect\"},{\"lvl\":3,\"id\":\"minecraft:unbreaking\"},{\"lvl\":3,\"id\":\"minecraft:looting\"}]}}","{\"id\":\"spartanweaponry:netherite_battle_hammer\",\"Count\":1,\"tag\":{\"RepairCost\":15,\"Damage\":0,\"Enchantments\":[{\"lvl\":5,\"id\":\"minecraft:sharpness\"},{\"lvl\":2,\"id\":\"minecraft:fire_aspect\"},{\"lvl\":3,\"id\":\"minecraft:unbreaking\"},{\"lvl\":3,\"id\":\"minecraft:looting\"}]}}"]}