{"name":"Enchanted Book Case","key":"csgobox:csgo_key1","drop":0.01,"random":[2,5,6,20,67],"entity":["minecraft:zombie","minecraft:skeleton","minecraft:creeper","minecraft:spider"],"grade1":["{\"id\":\"minecraft:enchanted_book\",\"Count\":1,\"tag\":{\"StoredEnchantments\":[{\"lvl\":1,\"id\":\"minecraft:feather_falling\"}]}}","{\"id\":\"minecraft:enchanted_book\",\"Count\":1,\"tag\":{\"StoredEnchantments\":[{\"lvl\":1,\"id\":\"minecraft:unbreaking\"}]}}","{\"id\":\"minecraft:enchanted_book\",\"Count\":1,\"tag\":{\"StoredEnchantments\":[{\"lvl\":1,\"id\":\"minecraft:efficiency\"}]}}","{\"id\":\"minecraft:enchanted_book\",\"Count\":1,\"tag\":{\"StoredEnchantments\":[{\"lvl\":1,\"id\":\"minecraft:power\"}]}}","{\"id\":\"minecraft:enchanted_book\",\"Count\":1,\"tag\":{\"StoredEnchantments\":[{\"lvl\":1,\"id\":\"minecraft:protection\"}]}}","{\"id\":\"minecraft:enchanted_book\",\"Count\":1,\"tag\":{\"StoredEnchantments\":[{\"lvl\":1,\"id\":\"minecraft:sharpness\"}]}}","{\"id\":\"minecraft:enchanted_book\",\"Count\":1,\"tag\":{\"StoredEnchantments\":[{\"lvl\":1,\"id\":\"minecraft:knockback\"}]}}"],"grade2":["{\"id\":\"minecraft:enchanted_book\",\"Count\":1,\"tag\":{\"StoredEnchantments\":[{\"lvl\":2,\"id\":\"minecraft:efficiency\"}]}}","{\"id\":\"minecraft:enchanted_book\",\"Count\":1,\"tag\":{\"StoredEnchantments\":[{\"lvl\":2,\"id\":\"minecraft:protection\"}]}}","{\"id\":\"minecraft:enchanted_book\",\"Count\":1,\"tag\":{\"StoredEnchantments\":[{\"lvl\":3,\"id\":\"minecraft:efficiency\"}]}}","{\"id\":\"minecraft:enchanted_book\",\"Count\":1,\"tag\":{\"StoredEnchantments\":[{\"lvl\":2,\"id\":\"minecraft:sharpness\"}]}}","{\"id\":\"minecraft:enchanted_book\",\"Count\":1,\"tag\":{\"StoredEnchantments\":[{\"lvl\":2,\"id\":\"minecraft:punch\"}]}}"],"grade3":["{\"id\":\"minecraft:enchanted_book\",\"Count\":1,\"tag\":{\"StoredEnchantments\":[{\"lvl\":3,\"id\":\"minecraft:loyalty\"},{\"lvl\":1,\"id\":\"minecraft:channeling\"}]}}","{\"id\":\"minecraft:enchanted_book\",\"Count\":1,\"tag\":{\"StoredEnchantments\":[{\"lvl\":1,\"id\":\"minecraft:flame\"}]}}","{\"id\":\"minecraft:enchanted_book\",\"Count\":1,\"tag\":{\"StoredEnchantments\":[{\"lvl\":3,\"id\":\"minecraft:unbreaking\"}]}}"],"grade4":["{\"id\":\"minecraft:enchanted_book\",\"Count\":1,\"tag\":{\"StoredEnchantments\":[{\"lvl\":1,\"id\":\"minecraft:mending\"}]}}","{\"id\":\"minecraft:enchanted_book\",\"Count\":1,\"tag\":{\"StoredEnchantments\":[{\"lvl\":1,\"id\":\"minecraft:infinity\"}]}}"],"grade5":["{\"id\":\"minecraft:enchanted_book\",\"Count\":1,\"tag\":{\"StoredEnchantments\":[{\"lvl\":3,\"id\":\"minecraft:looting\"}]}}","{\"id\":\"minecraft:enchanted_book\",\"Count\":1,\"tag\":{\"StoredEnchantments\":[{\"lvl\":5,\"id\":\"minecraft:efficiency\"}]}}","{\"id\":\"minecraft:enchanted_book\",\"Count\":1,\"tag\":{\"StoredEnchantments\":[{\"lvl\":1,\"id\":\"minecraft:silk_touch\"}]}}","{\"id\":\"minecraft:enchanted_book\",\"Count\":1,\"tag\":{\"StoredEnchantments\":[{\"lvl\":5,\"id\":\"minecraft:power\"}]}}","{\"id\":\"minecraft:enchanted_book\",\"Count\":1,\"tag\":{\"StoredEnchantments\":[{\"lvl\":2,\"id\":\"minecraft:fire_aspect\"}]}}","{\"id\":\"minecraft:enchanted_book\",\"Count\":1,\"tag\":{\"StoredEnchantments\":[{\"lvl\":4,\"id\":\"minecraft:feather_falling\"}]}}","{\"id\":\"minecraft:enchanted_book\",\"Count\":1,\"tag\":{\"StoredEnchantments\":[{\"lvl\":5,\"id\":\"minecraft:sharpness\"}]}}","{\"id\":\"quark:ancient_tome\",\"Count\":1,\"tag\":{\"StoredEnchantments\":[{\"lvl\":3,\"id\":\"minecraft:unbreaking\"}]}}","{\"id\":\"quark:ancient_tome\",\"Count\":1,\"tag\":{\"StoredEnchantments\":[{\"lvl\":5,\"id\":\"minecraft:power\"}]}}","{\"id\":\"quark:ancient_tome\",\"Count\":1,\"tag\":{\"StoredEnchantments\":[{\"lvl\":6,\"id\":\"minecraft:looting\"}]}}","{\"id\":\"quark:ancient_tome\",\"Count\":1,\"tag\":{\"StoredEnchantments\":[{\"lvl\":9,\"id\":\"minecraft:sharpness\"}]}}","{\"id\":\"quark:ancient_tome\",\"Count\":1,\"tag\":{\"StoredEnchantments\":[{\"lvl\":8,\"id\":\"minecraft:efficiency\"}]}}","{\"id\":\"quark:ancient_tome\",\"Count\":1,\"tag\":{\"StoredEnchantments\":[{\"lvl\":6,\"id\":\"minecraft:fortune\"}]}}"]}