{"name":"Ender Case","key":"csgobox:csgo_key1","drop":0.5,"random":[2,5,6,20,200],"entity":["minecraft:enderman"],"grade1":["{\"id\":\"minecraft:ender_pearl\",\"Count\":1}","{\"id\":\"minecraft:ender_pearl\",\"Count\":2}","{\"id\":\"apotheosis:gem\",\"Count\":1,\"tag\":{\"affix_data\":{\"rarity\":\"apotheosis:rare\"},\"gem\":\"irons_spellbooks:ender\"}}","{\"id\":\"traveloptics:ender_echo\",\"Count\":1,\"tag\":{}}","{\"id\":\"irons_spellbooks:scroll\",\"Count\":1,\"tag\":{\"ISB_Spells\":{\"maxSpells\":1,\"mustEquip\":0,\"data\":[{\"index\":0,\"id\":\"irons_spellbooks:magic_missile\",\"locked\":1,\"level\":4}],\"spellWheel\":0}}}"],"grade2":["{\"id\":\"l2archery:ender_aim_bow\",\"Count\":1,\"tag\":{\"affix_data\":{\"sockets\":1},\"Damage\":0}}","{\"id\":\"irons_spellbooks:scroll\",\"Count\":1,\"tag\":{\"ISB_Spells\":{\"maxSpells\":1,\"mustEquip\":0,\"data\":[{\"index\":0,\"id\":\"traveloptics:eternal_sentinel\",\"locked\":1,\"level\":1}],\"spellWheel\":0}}}"],"grade3":["{\"id\":\"irons_spellbooks:ender_upgrade_orb\",\"Count\":1}","{\"id\":\"golemdungeons:eye_of_crimson_factory\",\"Count\":1}","{\"id\":\"golemdungeons:eye_of_sculk_factory\",\"Count\":1}"],"grade4":["{\"id\":\"irons_spellbooks:dragonskin_spell_book\",\"Count\":1,\"tag\":{\"ISB_Spells\":{\"maxSpells\":12,\"mustEquip\":1,\"data\":[],\"spellWheel\":1}}}","{\"id\":\"traveloptics:augment_riftcore_wild\",\"Count\":1,\"tag\":{}}"],"grade5":["{\"id\":\"irons_spellbooks:scroll\",\"Count\":1,\"tag\":{\"ISB_Spells\":{\"maxSpells\":1,\"mustEquip\":0,\"data\":[{\"index\":0,\"id\":\"traveloptics:supernova\",\"locked\":1,\"level\":1}],\"spellWheel\":0}}}","{\"id\":\"minecraft:elytra\",\"Count\":1,\"tag\":{\"gems_count\":0,\"Damage\":0,\"Trim\":{\"material\":\"minecraft:amethyst\",\"pattern\":\"minecraft:silence\"}}}","{\"id\":\"minecraft:elytra\",\"Count\":1,\"tag\":{\"gems_count\":0,\"Damage\":0,\"Trim\":{\"material\":\"twilightforest:fiery\",\"pattern\":\"minecraft:silence\"}}}"]}