{"name":"Gambling Case","key":"csgobox:csgo_key0","drop":0,"random":[2,5,6,20,200],"entity":["minecraft:zombie"],"grade1":["{\"id\":\"coins_and_randoms_loot:iron_loot_coin\",\"Count\":7}","{\"id\":\"coins_and_randoms_loot:iron_loot_coin\",\"Count\":5}","{\"id\":\"coins_and_randoms_loot:iron_loot_coin\",\"Count\":4}","{\"id\":\"coins_and_randoms_loot:gold_loot_coin\",\"Count\":1}","{\"id\":\"coins_and_randoms_loot:gold_loot_coin\",\"Count\":2}"],"grade2":["{\"id\":\"coins_and_randoms_loot:iron_loot_coin\",\"Count\":26}","{\"id\":\"coins_and_randoms_loot:gold_loot_coin\",\"Count\":3}","{\"id\":\"coins_and_randoms_loot:emerald_loot_coin\",\"Count\":2}"],"grade3":["{\"id\":\"coins_and_randoms_loot:emerald_loot_coin\",\"Count\":9}","{\"id\":\"coins_and_randoms_loot:diamond_loot_coin\",\"Count\":2}","{\"id\":\"coins_and_randoms_loot:gold_loot_coin\",\"Count\":9}"],"grade4":["{\"id\":\"coins_and_randoms_loot:diamond_loot_coin\",\"Count\":6}","{\"id\":\"coins_and_randoms_loot:emerald_loot_coin\",\"Count\":24}"],"grade5":["{\"id\":\"coins_and_randoms_loot:diamond_loot_coin\",\"Count\":32}","{\"id\":\"coins_and_randoms_loot:netherium_loot_coin\",\"Count\":8}"]}