{"name":"Hat Case 1","key":"csgobox:csgo_key0","drop":0,"random":[2,5,6,20,67],"entity":["minecraft:zombie"],"grade1":["{\"id\":\"simplehats:baseballeaster\",\"Count\":1}","{\"id\":\"simplehats:baseballhatjuly\",\"Count\":1}","{\"id\":\"simplehats:bigbrain\",\"Count\":1}","{\"id\":\"simplehats:beanieeaster\",\"Count\":1}","{\"id\":\"simplehats:beaniefestive\",\"Count\":1}","{\"id\":\"simplehats:beaniejuly\",\"Count\":1}","{\"id\":\"simplehats:beaniespooky\",\"Count\":1}"],"grade2":["{\"id\":\"simplehats:bigribbon\",\"Count\":1}","{\"id\":\"simplehats:beanie\",\"Count\":1}","{\"id\":\"simplehats:bandana\",\"Count\":1}","{\"id\":\"simplehats:baseballhat\",\"Count\":1}","{\"id\":\"simplehats:bicorne\",\"Count\":1}"],"grade3":["{\"id\":\"simplehats:bigstevehead\",\"Count\":1}","{\"id\":\"simplehats:batwinghat\",\"Count\":1}","{\"id\":\"simplehats:bigeyes\",\"Count\":1}"],"grade4":["{\"id\":\"simplehats:beehat\",\"Count\":1}","{\"id\":\"simplehats:babyturtle\",\"Count\":1}"],"grade5":["{\"id\":\"simplehats:bigcrown\",\"Count\":1}","{\"id\":\"simplehats:baseballhatfestive\",\"Count\":1}","{\"id\":\"simplehats:baseballhatrgb\",\"Count\":1}","{\"id\":\"simplehats:beaniergb\",\"Count\":1}","{\"id\":\"simplehats:bluefireeye\",\"Count\":1}","{\"id\":\"simplehats:bandanargb\",\"Count\":1}"]}