{"name":"Hight Risk Case 2","key":"csgobox:csgo_key0","drop":0.01,"random":[2,3,5,7,100],"entity":["minecraft:zombie","minecraft:skeleton","minecraft:spider","minecraft:creeper","minecraft:enderman"],"grade1":["{\"id\":\"minecraft:bone_meal\",\"Count\":1}","{\"id\":\"minecraft:string\",\"Count\":1}","{\"id\":\"minecraft:feather\",\"Count\":1}","{\"id\":\"minecraft:bone\",\"Count\":1}","{\"id\":\"minecraft:flint\",\"Count\":1}","{\"id\":\"minecraft:quartz\",\"Count\":1}","{\"id\":\"minecraft:snowball\",\"Count\":1}"],"grade2":["{\"id\":\"minecraft:gold_nugget\",\"Count\":1}","{\"id\":\"minecraft:iron_nugget\",\"Count\":1}","{\"id\":\"minecraft:coal\",\"Count\":1}","{\"id\":\"minecraft:lapis_lazuli\",\"Count\":1}","{\"id\":\"minecraft:raw_copper\",\"Count\":1}"],"grade3":["{\"id\":\"minecraft:raw_iron\",\"Count\":1}"],"grade4":["{\"id\":\"minecraft:raw_gold\",\"Count\":1}"],"grade5":["{\"id\":\"spartanweaponry:netherite_flanged_mace\",\"Count\":1,\"tag\":{\"Damage\":0}}","{\"id\":\"spartanweaponry:netherite_longsword\",\"Count\":1,\"tag\":{\"Damage\":0}}","{\"id\":\"spartanweaponry:netherite_battleaxe\",\"Count\":1,\"tag\":{\"Damage\":0}}","{\"id\":\"spartanweaponry:netherite_saber\",\"Count\":1,\"tag\":{\"Damage\":0}}","{\"id\":\"spartanweaponry:netherite_glaive\",\"Count\":1,\"tag\":{\"Damage\":0}}","{\"id\":\"spartanweaponry:netherite_rapier\",\"Count\":1,\"tag\":{\"Damage\":0}}","{\"id\":\"spartanweaponry:netherite_quarterstaff\",\"Count\":1,\"tag\":{\"Damage\":0}}","{\"id\":\"spartanweaponry:netherite_greatsword\",\"Count\":1,\"tag\":{\"Damage\":0}}","{\"id\":\"spartanweaponry:netherite_javelin\",\"Count\":1,\"tag\":{\"AmmoUsed\":0,\"Damage\":0,\"UUID\":[-933245601,1213743685,-1178066981,787541722],\"Original\":1}}","{\"id\":\"spartanweaponry:netherite_tomahawk\",\"Count\":1,\"tag\":{\"AmmoUsed\":0,\"Damage\":0,\"UUID\":[-514360191,147408860,-2065869013,-2116679478],\"Original\":1}}","{\"id\":\"spartanweaponry:netherite_battle_hammer\",\"Count\":1,\"tag\":{\"Damage\":0}}","{\"id\":\"spartanweaponry:netherite_throwing_knife\",\"Count\":1,\"tag\":{\"AmmoUsed\":0,\"Damage\":0,\"UUID\":[1353581955,-718846086,-1255994022,-1618849597],\"Original\":1}}","{\"id\":\"spartanweaponry:netherite_warhammer\",\"Count\":1,\"tag\":{\"Damage\":0}}","{\"id\":\"spartanweaponry:netherite_longbow\",\"Count\":1,\"tag\":{\"Damage\":0}}","{\"id\":\"spartanweaponry:netherite_spear\",\"Count\":1,\"tag\":{\"Damage\":0}}","{\"id\":\"spartanweaponry:netherite_dagger\",\"Count\":1,\"tag\":{\"Damage\":0}}","{\"id\":\"spartanweaponry_ice_and_fire:ice_dragonsteel_scythe\",\"Count\":1,\"tag\":{\"Damage\":0}}","{\"id\":\"spartanweaponry_ice_and_fire:fire_dragonsteel_parrying_dagger\",\"Count\":1,\"tag\":{\"Damage\":0}}"]}