{"name":"Ice and Fire case","key":"csgobox:csgo_key0","drop":0,"random":[2,3,8,15,50],"entity":["minecraft:zombie"],"grade1":["{\"id\":\"spartanfire:dragon_bone_parrying_dagger\",\"Count\":1,\"tag\":{\"Damage\":0}}","{\"id\":\"spartanfire:dragon_bone_longsword\",\"Count\":1,\"tag\":{\"Damage\":0}}","{\"id\":\"spartanfire:dragon_bone_katana\",\"Count\":1,\"tag\":{\"Damage\":0}}","{\"id\":\"spartanfire:dragon_bone_saber\",\"Count\":1,\"tag\":{\"Damage\":0}}","{\"id\":\"spartanfire:dragon_bone_rapier\",\"Count\":1,\"tag\":{\"Damage\":0}}","{\"id\":\"spartanfire:dragon_bone_greatsword\",\"Count\":1,\"tag\":{\"Damage\":0}}","{\"id\":\"spartanfire:dragon_bone_battle_hammer\",\"Count\":1,\"tag\":{\"Damage\":0}}"],"grade2":["{\"id\":\"spartanfire:jungle_myrmex_stinger_longbow\",\"Count\":1,\"tag\":{\"Damage\":0}}","{\"id\":\"spartanfire:fire_dragonsteel_longbow\",\"Count\":1,\"tag\":{\"Damage\":0}}","{\"id\":\"spartanfire:ice_dragonsteel_longbow\",\"Count\":1,\"tag\":{\"Damage\":0}}","{\"id\":\"spartanfire:dragon_bone_longbow\",\"Count\":1,\"tag\":{\"Damage\":0}}","{\"id\":\"spartanfire:desert_myrmex_stinger_longbow\",\"Count\":1,\"tag\":{\"Damage\":0}}"],"grade3":["{\"id\":\"spartanfire:flamed_dragon_bone_rapier\",\"Count\":1,\"tag\":{\"Damage\":0}}","{\"id\":\"spartanfire:iced_dragon_bone_pike\",\"Count\":1,\"tag\":{\"Damage\":0}}","{\"id\":\"spartanfire:lightning_dragon_bone_quarterstaff\",\"Count\":1,\"tag\":{\"Damage\":0}}"],"grade4":["{\"id\":\"spartanfire:lightning_dragon_bone_halberd\",\"Count\":1,\"tag\":{\"Damage\":0}}","{\"id\":\"spartanfire:iced_dragon_bone_glaive\",\"Count\":1,\"tag\":{\"Damage\":0}}"],"grade5":["{\"id\":\"spartanfire:iced_dragon_bone_greatsword\",\"Count\":1,\"tag\":{\"Damage\":0}}","{\"id\":\"spartanfire:flamed_dragon_bone_longsword\",\"Count\":1,\"tag\":{\"Damage\":0}}","{\"id\":\"spartanfire:lightning_dragon_bone_javelin\",\"Count\":1,\"tag\":{\"AmmoUsed\":0,\"Damage\":0,\"UUID\":[274937183,684476519,-1974617294,405350820],\"Original\":1}}","{\"id\":\"spartanfire:iced_dragon_bone_scythe\",\"Count\":1,\"tag\":{\"Damage\":0}}","{\"id\":\"spartanfire:iced_dragon_bone_longbow\",\"Count\":1,\"tag\":{\"Damage\":0}}","{\"id\":\"spartanfire:lightning_dragon_bone_longbow\",\"Count\":1,\"tag\":{\"Damage\":0}}","{\"id\":\"spartanfire:flamed_dragon_bone_longbow\",\"Count\":1,\"tag\":{\"Damage\":0}}","{\"id\":\"spartanfire:flamed_dragon_bone_heavy_crossbow\",\"Count\":1,\"tag\":{\"Damage\":0}}","{\"id\":\"spartanfire:iced_dragon_bone_heavy_crossbow\",\"Count\":1,\"tag\":{\"Damage\":0}}","{\"id\":\"spartanfire:lightning_dragon_bone_heavy_crossbow\",\"Count\":1,\"tag\":{\"Damage\":0}}"]}