{"name":"Katana Case","key":"csgobox:csgo_key0","drop":0,"random":[1,5,6,12,30],"entity":["minecraft:zombie"],"grade1":["{\"id\":\"spartanweaponry:diamond_katana\",\"Count\":1,\"tag\":{\"Damage\":0}}","{\"id\":\"spartanfire:dragon_bone_katana\",\"Count\":1,\"tag\":{\"Damage\":0}}","{\"id\":\"samurai_dynasty:katana_netherite\",\"Count\":1,\"tag\":{\"Damage\":0}}"],"grade2":["{\"id\":\"samurai_dynasty:katana_kitsune\",\"Count\":1,\"tag\":{\"Damage\":0}}","{\"id\":\"samurai_dynasty:katana_kitsune_blue\",\"Count\":1,\"tag\":{\"Damage\":0}}","{\"id\":\"samurai_dynasty:katana_akaname\",\"Count\":1,\"tag\":{\"Damage\":0}}"],"grade3":["{\"id\":\"spartanfire:flamed_dragon_bone_katana\",\"Count\":1,\"tag\":{\"Damage\":0}}","{\"id\":\"spartanfire:iced_dragon_bone_katana\",\"Count\":1,\"tag\":{\"Damage\":0}}","{\"id\":\"spartanfire:lightning_dragon_bone_katana\",\"Count\":1,\"tag\":{\"Damage\":0}}"],"grade4":["{\"id\":\"samurai_dynasty:katana_oni\",\"Count\":1,\"tag\":{\"Damage\":0}}","{\"id\":\"samurai_dynasty:katana_jorogumo\",\"Count\":1,\"tag\":{\"Damage\":0}}"],"grade5":["{\"id\":\"dungeons_and_combat:dragonsteel_fire_katana\",\"Count\":1,\"tag\":{\"Damage\":0}}","{\"id\":\"dungeons_and_combat:dragonsteel_ice_katana\",\"Count\":1,\"tag\":{\"Damage\":0}}","{\"id\":\"dungeons_and_combat:dragonsteel_ice_katana\",\"Count\":1,\"tag\":{\"Damage\":0}}"]}