{"name":"LEGENDARY Dead Case","key":"csgobox:csgo_key2","drop":0.01,"random":[1,3,4,6,15],"entity":["minecraft:zombie","minecraft:skeleton"],"grade1":["{\"id\":\"spartanweaponry:diamond_flanged_mace\",\"Count\":1,\"tag\":{\"RepairCost\":31,\"Damage\":0,\"Enchantments\":[{\"lvl\":2,\"id\":\"minecraft:fire_aspect\"},{\"lvl\":5,\"id\":\"minecraft:sharpness\"},{\"lvl\":2,\"id\":\"minecraft:knockback\"},{\"lvl\":3,\"id\":\"minecraft:looting\"},{\"lvl\":3,\"id\":\"minecraft:sweeping\"}]}}","{\"id\":\"spartanweaponry:diamond_scythe\",\"Count\":1,\"tag\":{\"RepairCost\":31,\"Damage\":0,\"Enchantments\":[{\"lvl\":2,\"id\":\"minecraft:fire_aspect\"},{\"lvl\":5,\"id\":\"minecraft:sharpness\"},{\"lvl\":2,\"id\":\"minecraft:knockback\"},{\"lvl\":3,\"id\":\"minecraft:looting\"},{\"lvl\":3,\"id\":\"minecraft:sweeping\"}]}}","{\"id\":\"spartanshields:diamond_tower_shield\",\"Count\":1,\"tag\":{\"RepairCost\":3,\"Damage\":0,\"Enchantments\":[{\"lvl\":3,\"id\":\"spartanshields:spikes\"},{\"lvl\":3,\"id\":\"minecraft:unbreaking\"}]}}","{\"id\":\"spartanshields:diamond_basic_shield\",\"Count\":1,\"tag\":{\"RepairCost\":3,\"Damage\":0,\"Enchantments\":[{\"lvl\":3,\"id\":\"spartanshields:spikes\"},{\"lvl\":3,\"id\":\"minecraft:unbreaking\"}]}}"],"grade2":["{\"id\":\"spartanweaponry:netherite_scythe\",\"Count\":1,\"tag\":{\"RepairCost\":63,\"Damage\":0,\"Enchantments\":[{\"lvl\":2,\"id\":\"minecraft:fire_aspect\"},{\"lvl\":5,\"id\":\"minecraft:sharpness\"},{\"lvl\":2,\"id\":\"minecraft:knockback\"},{\"lvl\":3,\"id\":\"minecraft:looting\"},{\"lvl\":3,\"id\":\"minecraft:sweeping\"}],\"display\":{\"Name\":\"{\\\"text\\\":\\\"꧁༒༻☬ད 𝙷𝚞𝚗𝚒𝚂𝚒𝚝𝚑 ཌ☬༺༒꧂\\\"}\"}}}","{\"id\":\"spartanweaponry:netherite_flanged_mace\",\"Count\":1,\"tag\":{\"RepairCost\":31,\"Damage\":0,\"display\":{\"Name\":\"{\\\"text\\\":\\\"𐌍𐌉Ᏽ𐋅𐌕𐌅𐌀𐌋𐌋\\\"}\"},\"Enchantments\":[{\"lvl\":5,\"id\":\"minecraft:sharpness\"},{\"lvl\":2,\"id\":\"minecraft:fire_aspect\"},{\"lvl\":2,\"id\":\"minecraft:knockback\"},{\"lvl\":3,\"id\":\"minecraft:looting\"},{\"lvl\":3,\"id\":\"minecraft:sweeping\"}]}}"],"grade3":["{\"id\":\"gateways:gate_pearl\",\"Count\":1,\"tag\":{\"gateway\":\"gateways:alexs_hell\"}}","{\"id\":\"spartanweaponry:diamond_longbow\",\"Count\":1,\"tag\":{\"RepairCost\":15,\"Damage\":0,\"Enchantments\":[{\"lvl\":1,\"id\":\"minecraft:infinity\"},{\"lvl\":1,\"id\":\"minecraft:flame\"},{\"lvl\":5,\"id\":\"minecraft:power\"},{\"lvl\":3,\"id\":\"minecraft:unbreaking\"}]}}"],"grade4":["{\"id\":\"spartanweaponry:netherite_longbow\",\"Count\":1,\"tag\":{\"RepairCost\":31,\"Damage\":0,\"Enchantments\":[{\"lvl\":5,\"id\":\"minecraft:power\"},{\"lvl\":3,\"id\":\"minecraft:unbreaking\"},{\"lvl\":1,\"id\":\"minecraft:flame\"},{\"lvl\":1,\"id\":\"minecraft:infinity\"},{\"lvl\":2,\"id\":\"minecraft:punch\"}]}}","{\"id\":\"minecraft:diamond\",\"Count\":62}"],"grade5":["{\"id\":\"spartanfire:ice_dragonsteel_scythe\",\"Count\":1,\"tag\":{\"Damage\":0}}","{\"id\":\"spartanfire:lightning_dragonsteel_scythe\",\"Count\":1,\"tag\":{\"Damage\":0}}","{\"id\":\"spartanfire:fire_dragonsteel_scythe\",\"Count\":1,\"tag\":{\"Damage\":0}}","{\"id\":\"spartanfire:ice_dragonsteel_flanged_mace\",\"Count\":1,\"tag\":{\"Damage\":0}}","{\"id\":\"spartanfire:lightning_dragonsteel_flanged_mace\",\"Count\":1,\"tag\":{\"Damage\":0}}"]}