{"name":"Marksman Case 1","key":"csgobox:csgo_key0","drop":0,"random":[2,5,6,13,30],"entity":["minecraft:zombie"],"grade1":["{\"id\":\"scguns:repeating_musket\",\"Count\":1,\"tag\":{\"GeckoLibID\":121,\"AmmoCount\":4,\"Damage\":0}}","{\"id\":\"scguns:musket\",\"Count\":1,\"tag\":{\"GeckoLibID\":102,\"AmmoCount\":1,\"Damage\":0,\"IsDrawing\":1}}","{\"id\":\"scguns:flintlock_pistol\",\"Count\":1,\"tag\":{\"GeckoLibID\":100,\"AmmoCount\":1,\"Damage\":0,\"IsDrawing\":1}}","{\"id\":\"scguns:blunderbuss\",\"Count\":1,\"tag\":{\"GeckoLibID\":103,\"AmmoCount\":1,\"Damage\":0,\"IsDrawing\":1}}","{\"id\":\"scguns:handcannon\",\"Count\":1,\"tag\":{\"GeckoLibID\":122,\"AmmoCount\":1,\"Damage\":0}}"],"grade2":["{\"id\":\"scguns:flintlock_pistol\",\"Count\":1,\"tag\":{\"GeckoLibID\":100,\"AmmoCount\":1,\"Damage\":0,\"IsDrawing\":1}}","{\"id\":\"scguns:blunderbuss\",\"Count\":1,\"tag\":{\"GeckoLibID\":103,\"AmmoCount\":1,\"Damage\":0,\"IsDrawing\":1}}","{\"id\":\"scguns:handcannon\",\"Count\":1,\"tag\":{\"GeckoLibID\":122,\"AmmoCount\":1,\"Damage\":0}}","{\"id\":\"scguns:musket\",\"Count\":1,\"tag\":{\"GeckoLibID\":102,\"AmmoCount\":1,\"Damage\":0,\"IsDrawing\":1}}","{\"id\":\"scguns:blunderbuss\",\"Count\":1,\"tag\":{\"GeckoLibID\":103,\"AmmoCount\":1,\"Damage\":0,\"IsDrawing\":1}}"],"grade3":["{\"id\":\"scguns:handcannon\",\"Count\":1,\"tag\":{\"GeckoLibID\":122,\"AmmoCount\":1,\"Damage\":0}}","{\"id\":\"scguns:repeating_musket\",\"Count\":1,\"tag\":{\"GeckoLibID\":121,\"AmmoCount\":4,\"Damage\":0}}","{\"id\":\"scguns:handcannon\",\"Count\":1,\"tag\":{\"GeckoLibID\":122,\"AmmoCount\":1,\"Damage\":0}}"],"grade4":["{\"id\":\"scguns:flintlock_pistol\",\"Count\":1,\"tag\":{\"GeckoLibID\":100,\"AmmoCount\":1,\"Damage\":0,\"IsDrawing\":1}}","{\"id\":\"scguns:musket\",\"Count\":1,\"tag\":{\"GeckoLibID\":102,\"AmmoCount\":1,\"Damage\":0,\"IsDrawing\":1}}"],"grade5":["{\"id\":\"scguns:repeating_musket\",\"Count\":1,\"tag\":{\"GeckoLibID\":121,\"AmmoCount\":4,\"Damage\":0}}","{\"id\":\"scguns:blunderbuss\",\"Count\":1,\"tag\":{\"GeckoLibID\":103,\"AmmoCount\":1,\"Damage\":0,\"IsDrawing\":1}}","{\"id\":\"scguns:flintlock_pistol\",\"Count\":1,\"tag\":{\"GeckoLibID\":100,\"AmmoCount\":1,\"Damage\":0,\"IsDrawing\":1}}","{\"id\":\"scguns:repeating_musket\",\"Count\":1,\"tag\":{\"GeckoLibID\":121,\"AmmoCount\":4,\"Damage\":0}}","{\"id\":\"scguns:musket\",\"Count\":1,\"tag\":{\"GeckoLibID\":102,\"AmmoCount\":1,\"Damage\":0,\"IsDrawing\":1}}"]}