{"name":"Mining Case","key":"csgobox:csgo_key0","drop":0,"random":[1,3,4,5,7],"entity":["minecraft:zombie"],"grade1":["{\"id\":\"farmersdelight:smoked_ham\",\"Count\":3}","{\"id\":\"minecraft:coal\",\"Count\":12}","{\"id\":\"minecraft:iron_ingot\",\"Count\":8}","{\"id\":\"minecraft:lapis_lazuli\",\"Count\":12}"],"grade2":["{\"id\":\"minecraft:gold_ingot\",\"Count\":4}","{\"id\":\"minecraft:amethyst_shard\",\"Count\":3}"],"grade3":["{\"id\":\"minecraft:potion\",\"Count\":1,\"tag\":{\"Potion\":\"goblintraders:haste\"}}","{\"id\":\"minecraft:diamond\",\"Count\":1}"],"grade4":["{\"id\":\"minecraft:diamond\",\"Count\":3}"],"grade5":["{\"id\":\"minecraft:diamond_pickaxe\",\"Count\":1,\"tag\":{\"RepairCost\":7,\"Damage\":0,\"Enchantments\":[{\"lvl\":5,\"id\":\"minecraft:efficiency\"},{\"lvl\":3,\"id\":\"minecraft:unbreaking\"},{\"lvl\":3,\"id\":\"minecraft:fortune\"}]}}"]}