{"name":"Mob Egg Case","key":"csgobox:csgo_key0","drop":0.1,"random":[2,3,5,40,250],"entity":["minecraft:zombie","minecraft:skeleton"],"grade1":["{\"id\":\"minecraft:zombie_spawn_egg\",\"Count\":1}","{\"id\":\"minecraft:skeleton_spawn_egg\",\"Count\":1}"],"grade2":["{\"id\":\"minecraft:spawner\",\"Count\":1}","{\"id\":\"minecraft:slime_spawn_egg\",\"Count\":1}","{\"id\":\"minecraft:creeper_spawn_egg\",\"Count\":1}"],"grade3":["{\"id\":\"minecraft:chicken_spawn_egg\",\"Count\":1}","{\"id\":\"minecraft:cow_spawn_egg\",\"Count\":1}","{\"id\":\"minecraft:pig_spawn_egg\",\"Count\":1}"],"grade4":["{\"id\":\"minecraft:zombified_piglin_spawn_egg\",\"Count\":1}","{\"id\":\"minecraft:enderman_spawn_egg\",\"Count\":1}"],"grade5":["{\"id\":\"minecraft:evoker_spawn_egg\",\"Count\":1}"]}