{"name":"Pc case","key":"csgobox:csgo_key1","drop":0,"random":[2,3,5,10,100],"entity":["minecraft:zombie"],"grade1":["{\"id\":\"a_man_with_plushies:off_plush\",\"Count\":1}","{\"id\":\"a_man_with_plushies:crewmate_plush\",\"Count\":1}","{\"id\":\"a_man_with_plushies:fall_guy_plush\",\"Count\":1}","{\"id\":\"a_man_with_plushies:boyfriend_plush\",\"Count\":1}","{\"id\":\"a_man_with_plushies:henry_stickmin_plush\",\"Count\":1}"],"grade2":["{\"id\":\"a_man_with_plushies:employee_orange_suit_plush\",\"Count\":1}","{\"id\":\"a_man_with_plushies:sans_plush\",\"Count\":1}","{\"id\":\"a_man_with_plushies:goose_plush\",\"Count\":1}","{\"id\":\"a_man_with_plushies:cuphead_plush\",\"Count\":1}"],"grade3":["{\"id\":\"a_man_with_plushies:candy_plush\",\"Count\":1}","{\"id\":\"a_man_with_plushies:coil_head_plush\",\"Count\":1}","{\"id\":\"a_man_with_plushies:headcrab_plush\",\"Count\":1}"],"grade4":["{\"id\":\"a_man_with_plushies:heavy_plush\",\"Count\":1}"],"grade5":["{\"id\":\"a_man_with_plushies:shovel_knight_plush\",\"Count\":1}","{\"id\":\"a_man_with_plushies:vault_boy_plush\",\"Count\":1}"]}