{"name":"Plush Case 2","key":"csgobox:csgo_key1","drop":0,"random":[2,5,6,20,625],"entity":["minecraft:zombie"],"grade1":["{\"id\":\"a_man_with_plushies:happycane_plush\",\"Count\":1}","{\"id\":\"a_man_with_plushies:wilson_plush\",\"Count\":1}","{\"id\":\"a_man_with_plushies:isaac_plush\",\"Count\":1}","{\"id\":\"a_man_with_plushies:lariat_plushie\",\"Count\":1}","{\"id\":\"a_man_with_plushies:meat_boy_plush\",\"Count\":1}","{\"id\":\"a_man_with_plushies:gd_cube_plush\",\"Count\":1}","{\"id\":\"a_man_with_plushies:omori_plush\",\"Count\":1}"],"grade2":["{\"id\":\"a_man_with_plushies:cc_green_knight_plush\",\"Count\":1}","{\"id\":\"a_man_with_plushies:blissey_plush\",\"Count\":1}","{\"id\":\"a_man_with_plushies:female_indeedee_plush\",\"Count\":1}","{\"id\":\"a_man_with_plushies:madeline_plush\",\"Count\":1}","{\"id\":\"a_man_with_plushies:peppino_plush\",\"Count\":1}"],"grade3":["{\"id\":\"a_man_with_plushies:wiglin_plush\",\"Count\":1}","{\"id\":\"a_man_with_plushies:rambley_plush\",\"Count\":1}","{\"id\":\"a_man_with_plushies:rhyth_plush\",\"Count\":1}"],"grade4":["{\"id\":\"a_man_with_plushies:freddy_fazbear_plush\",\"Count\":1}","{\"id\":\"a_man_with_plushies:popgoes_plush\",\"Count\":1}"],"grade5":["{\"id\":\"a_man_with_plushies:eye_of_cthulhu_plush\",\"Count\":1}","{\"id\":\"a_man_with_plushies:masked_employee_orange_suit_plush\",\"Count\":1}","{\"id\":\"a_man_with_plushies:jeb_sheep_plush\",\"Count\":1}"]}