{"name":"Resource Case","key":"csgobox:csgo_key3","drop":0.0001,"random":[2,5,6,8,15],"entity":["minecraft:skeleton","minecraft:creeper","minecraft:spider"],"grade1":["{\"id\":\"minecraft:gold_ingot\",\"Count\":64}","{\"id\":\"minecraft:diamond\",\"Count\":64}","{\"id\":\"minecraft:emerald\",\"Count\":64}"],"grade2":["{\"id\":\"minecraft:amethyst_shard\",\"Count\":64}","{\"id\":\"minecraft:netherite_scrap\",\"Count\":64}","{\"id\":\"minecraft:gold_block\",\"Count\":16}"],"grade3":["{\"id\":\"minecraft:diamond_block\",\"Count\":16}","{\"id\":\"minecraft:gold_block\",\"Count\":48}","{\"id\":\"minecraft:emerald_block\",\"Count\":32}"],"grade4":["{\"id\":\"minecraft:diamond_block\",\"Count\":32}","{\"id\":\"minecraft:gold_block\",\"Count\":64}"],"grade5":["{\"id\":\"minecraft:netherite_ingot\",\"Count\":64}","{\"id\":\"minecraft:diamond_block\",\"Count\":64}"]}