{"name":"Seed Case","key":"csgobox:csgo_key0","drop":0,"random":[2,4,6,8,10],"entity":["minecraft:zombie"],"grade1":["{\"id\":\"minecraft:wheat_seeds\",\"Count\":8}","{\"id\":\"minecraft:pumpkin_seeds\",\"Count\":8}","{\"id\":\"minecraft:beetroot_seeds\",\"Count\":8}","{\"id\":\"minecraft:carrot\",\"Count\":8}","{\"id\":\"minecraft:potato\",\"Count\":8}","{\"id\":\"minecraft:beetroot\",\"Count\":8}"],"grade2":["{\"id\":\"farmersdelight:tomato_seeds\",\"Count\":8}","{\"id\":\"minecraft:melon_seeds\",\"Count\":3}"],"grade3":["{\"id\":\"farmersdelight:cabbage_seeds\",\"Count\":8}"],"grade4":["{\"id\":\"minecraft:torchflower_seeds\",\"Count\":4}"],"grade5":["{\"id\":\"farmersdelight:rice_bale\",\"Count\":1}"]}