{"name":"Shield Case","key":"csgobox:csgo_key0","drop":0,"random":[2,4,5,8,20],"entity":["minecraft:zombie"],"grade1":["{\"id\":\"spartanshields:silver_basic_shield\",\"Count\":1,\"tag\":{\"Damage\":0}}","{\"id\":\"spartanshields:silver_tower_shield\",\"Count\":1,\"tag\":{\"Damage\":0}}","{\"id\":\"spartanshields:lapis_lazuli_basic_shield\",\"Count\":1,\"tag\":{\"Damage\":0}}","{\"id\":\"spartanshields:tin_basic_shield\",\"Count\":1,\"tag\":{\"Damage\":0}}","{\"id\":\"spartanshields:tin_tower_shield\",\"Count\":1,\"tag\":{\"Damage\":0}}","{\"id\":\"spartanshields:electrum_basic_shield\",\"Count\":1,\"tag\":{\"Damage\":0}}","{\"id\":\"spartanshields:electrum_tower_shield\",\"Count\":1,\"tag\":{\"Damage\":0}}"],"grade2":["{\"id\":\"spartanshields:refined_glowstone_basic_shield\",\"Count\":1,\"tag\":{\"Damage\":0}}","{\"id\":\"spartanshields:nickel_basic_shield\",\"Count\":1,\"tag\":{\"Damage\":0}}","{\"id\":\"spartanshields:lead_basic_shield\",\"Count\":1,\"tag\":{\"Damage\":0}}","{\"id\":\"spartanshields:manasteel_basic_shield\",\"Count\":1,\"tag\":{\"Damage\":0}}"],"grade3":["{\"id\":\"spartanshields:nickel_tower_shield\",\"Count\":1,\"tag\":{\"Damage\":0}}","{\"id\":\"spartanshields:manasteel_tower_shield\",\"Count\":1,\"tag\":{\"Damage\":0}}"],"grade4":["{\"id\":\"spartanshields:lead_tower_shield\",\"Count\":1,\"tag\":{\"Damage\":0}}"],"grade5":["{\"id\":\"spartanshields:lumium_tower_shield\",\"Count\":1,\"tag\":{\"Damage\":0}}","{\"id\":\"spartanshields:refined_obsidian_basic_shield\",\"Count\":1,\"tag\":{\"Damage\":0}}"]}