{"name":"Special case","key":"csgobox:csgo_key2","drop":0,"random":[2,5,6,20,100],"entity":["minecraft:zombie"],"grade1":["{\"id\":\"a_man_with_plushies:rainbow_junimo_plush\",\"Count\":1}","{\"id\":\"a_man_with_plushies:genuine_red_spycrab_plush\",\"Count\":1}","{\"id\":\"a_man_with_plushies:rainbow_crewmate_plush\",\"Count\":1}"],"grade2":["{\"id\":\"a_man_with_plushies:masked_employee_orange_suit_plush\",\"Count\":1}","{\"id\":\"a_man_with_plushies:jeb_sheep_plush\",\"Count\":1}","{\"id\":\"a_man_with_plushies:baldi_plush_eating_an_apple\",\"Count\":1}"],"grade3":["{\"id\":\"a_man_with_plushies:potatos_plush\",\"Count\":1}","{\"id\":\"a_man_with_plushies:potato_wheatley_plush\",\"Count\":1}"],"grade4":["{\"id\":\"a_man_with_plushies:wheatley_crab\",\"Count\":1}","{\"id\":\"a_man_with_plushies:wheatley_in_glados_body_plush\",\"Count\":1}"],"grade5":["{\"id\":\"a_man_with_plushies:reverse_creeper_plush\",\"Count\":1}"]}