{"name":"Super Axe Case","key":"csgobox:csgo_key0","drop":0,"random":[2,5,6,20,67],"entity":["minecraft:zombie"],"grade1":["{\"id\":\"spartanweaponry:netherite_battleaxe\",\"Count\":1,\"tag\":{\"Damage\":0}}","{\"id\":\"spartanweaponry:diamond_battleaxe\",\"Count\":1,\"tag\":{\"Damage\":0}}","{\"id\":\"minecraft:enchanted_book\",\"Count\":1,\"tag\":{\"StoredEnchantments\":[{\"lvl\":3,\"id\":\"l2weaponry:heavy\"}]}}"],"grade2":["{\"id\":\"l2weaponry:netherite_battle_axe\",\"Count\":1,\"tag\":{\"Damage\":0,\"Enchantments\":[{\"lvl\":1,\"id\":\"l2complements:tree_chopping\"}]}}","{\"id\":\"l2weaponry:sculkium_battle_axe\",\"Count\":1,\"tag\":{\"Damage\":0,\"Enchantments\":[{\"lvl\":1,\"id\":\"l2complements:tree_chopping\"}]}}","{\"id\":\"minecraft:enchanted_book\",\"Count\":1,\"tag\":{\"StoredEnchantments\":[{\"lvl\":8,\"id\":\"l2weaponry:heavy\"}]}}"],"grade3":["{\"id\":\"spartanfire:flamed_dragon_bone_battleaxe\",\"Count\":1,\"tag\":{\"Damage\":0}}","{\"id\":\"spartanfire:lightning_dragon_bone_battleaxe\",\"Count\":1,\"tag\":{\"Damage\":0}}","{\"id\":\"spartanfire:iced_dragon_bone_battleaxe\",\"Count\":1,\"tag\":{\"Damage\":0}}"],"grade4":["{\"id\":\"soulsweapons:leviathan_axe\",\"Count\":1,\"tag\":{\"Damage\":0}}","{\"id\":\"l2weaponry:witherite_battle_axe\",\"Count\":1,\"tag\":{\"Damage\":0,\"Enchantments\":[{\"lvl\":1,\"id\":\"l2complements:tree_chopping\"}]}}"],"grade5":["{\"id\":\"spartanfire:fire_dragonsteel_battleaxe\",\"Count\":1,\"tag\":{\"Damage\":0}}","{\"id\":\"spartanfire:ice_dragonsteel_battleaxe\",\"Count\":1,\"tag\":{\"Damage\":0}}","{\"id\":\"spartanfire:lightning_dragonsteel_battleaxe\",\"Count\":1,\"tag\":{\"Damage\":0}}","{\"id\":\"iceandfire:dragonsteel_fire_axe\",\"Count\":1,\"tag\":{\"Damage\":0}}","{\"id\":\"iceandfire:dragonsteel_ice_axe\",\"Count\":1,\"tag\":{\"Damage\":0}}","{\"id\":\"iceandfire:dragonsteel_lightning_axe\",\"Count\":1,\"tag\":{\"Damage\":0}}"]}