{"name":"Totem of Undying Case","key":"csgobox:csgo_key1","drop":0,"random":[2,5,6,20,68],"entity":["minecraft:zombie"],"grade1":["{\"id\":\"l2complements:totemic_gold_nugget\",\"Count\":1}","{\"id\":\"l2complements:totemic_carrot\",\"Count\":1}","{\"id\":\"l2complements:totemic_apple\",\"Count\":1}","{\"id\":\"l2complements:black_fire_charge\",\"Count\":1}","{\"id\":\"l2complements:strong_fire_charge\",\"Count\":1}","{\"id\":\"l2complements:soul_fire_charge\",\"Count\":1}"],"grade2":["{\"id\":\"minecraft:totem_of_undying\",\"Count\":1}","{\"id\":\"l2complements:enchanted_totemic_apple\",\"Count\":1}","{\"id\":\"l2complements:enchanted_totemic_carrot\",\"Count\":1}","{\"id\":\"l2complements:totemic_gold_ingot\",\"Count\":1}","{\"id\":\"l2complements:totem_of_dream\",\"Count\":1}"],"grade3":["{\"id\":\"l2complements:totemic_gold_block\",\"Count\":1}","{\"id\":\"l2complements:totem_of_the_sea\",\"Count\":3}"],"grade4":["{\"id\":\"l2complements:eternal_totem_of_dream\",\"Count\":1}"],"grade5":["{\"id\":\"l2hostility:abrahadabra\",\"Count\":1}"]}