{"name":"Ultimate Legendary Case","key":"csgobox:csgo_key3","drop":0.0001,"random":[2,4,5,6,12],"entity":["minecraft:zombie,"minecraft:skeleton","minecraft:spider","minecraft:creeper"],"grade1":["{\"id\":\"irons_spellbooks:scroll\",\"Count\":1,\"tag\":{\"ISB_Spells\":{\"maxSpells\":1,\"mustEquip\":0,\"data\":[{\"index\":0,\"id\":\"traveloptics:primal_pack\",\"locked\":1,\"level\":5}],\"spellWheel\":0}}}","{\"id\":\"irons_spellbooks:scroll\",\"Count\":1,\"tag\":{\"ISB_Spells\":{\"maxSpells\":1,\"mustEquip\":0,\"data\":[{\"index\":0,\"id\":\"traveloptics:mechanized_predator\",\"locked\":1,\"level\":5}],\"spellWheel\":0}}}","{\"id\":\"irons_spellbooks:scroll\",\"Count\":1,\"tag\":{\"ISB_Spells\":{\"maxSpells\":1,\"mustEquip\":0,\"data\":[{\"index\":0,\"id\":\"traveloptics:sword_of_the_ancients\",\"locked\":1,\"level\":3}],\"spellWheel\":0}}}","{\"id\":\"irons_spellbooks:scroll\",\"Count\":1,\"tag\":{\"ISB_Spells\":{\"maxSpells\":1,\"mustEquip\":0,\"data\":[{\"index\":0,\"id\":\"traveloptics:annihilation\",\"locked\":1,\"level\":3}],\"spellWheel\":0}}}","{\"id\":\"irons_spellbooks:scroll\",\"Count\":1,\"tag\":{\"ISB_Spells\":{\"maxSpells\":1,\"mustEquip\":0,\"data\":[{\"index\":0,\"id\":\"traveloptics:axe_of_the_doomed\",\"locked\":1,\"level\":3}],\"spellWheel\":0}}}","{\"id\":\"irons_spellbooks:scroll\",\"Count\":1,\"tag\":{\"ISB_Spells\":{\"maxSpells\":1,\"mustEquip\":0,\"data\":[{\"index\":0,\"id\":\"irons_spellbooks:black_hole\",\"locked\":1,\"level\":6}],\"spellWheel\":0}}}","{\"id\":\"irons_spellbooks:scroll\",\"Count\":1,\"tag\":{\"ISB_Spells\":{\"maxSpells\":1,\"mustEquip\":0,\"data\":[{\"index\":0,\"id\":\"traveloptics:abyssal_blast\",\"locked\":1,\"level\":3}],\"spellWheel\":0}}}"],"grade2":["{\"id\":\"ice_and_fire_delight:lightning_sausage\",\"Count\":16}","{\"id\":\"ice_and_fire_delight:ice_sausage\",\"Count\":16}","{\"id\":\"ice_and_fire_delight:fire_sausage\",\"Count\":16}","{\"id\":\"ice_and_fire_delight:dragon_special_sausage\",\"Count\":16}","{\"id\":\"minecraft:enchanted_golden_apple\",\"Count\":32}"],"grade3":["{\"id\":\"spartanfire:fire_dragonsteel_halberd\",\"Count\":1,\"tag\":{\"RepairCost\":63,\"Damage\":0,\"display\":{\"Name\":\"{\\\"text\\\":\\\"Slayer's Halberd\\\"}\"},\"Enchantments\":[{\"lvl\":6,\"id\":\"minecraft:sharpness\"},{\"lvl\":3,\"id\":\"minecraft:knockback\"},{\"lvl\":3,\"id\":\"minecraft:fire_aspect\"},{\"lvl\":4,\"id\":\"minecraft:looting\"},{\"lvl\":1,\"id\":\"minecraft:mending\"},{\"lvl\":1,\"id\":\"l2complements:soul_bound\"},{\"lvl\":1,\"id\":\"l2complements:hardened\"},{\"lvl\":5,\"id\":\"l2complements:wind_sweep\"}]}}","{\"id\":\"spartanfire:ice_dragonsteel_warhammer\",\"Count\":1,\"tag\":{\"RepairCost\":255,\"Damage\":0,\"display\":{\"Name\":\"{\\\"text\\\":\\\"Legendary Dwarf Hammer\\\"}\"},\"Enchantments\":[{\"lvl\":6,\"id\":\"minecraft:sharpness\"},{\"lvl\":3,\"id\":\"minecraft:knockback\"},{\"lvl\":3,\"id\":\"minecraft:fire_aspect\"},{\"lvl\":4,\"id\":\"minecraft:looting\"},{\"lvl\":1,\"id\":\"minecraft:mending\"},{\"lvl\":1,\"id\":\"l2complements:soul_bound\"},{\"lvl\":1,\"id\":\"l2complements:hardened\"},{\"lvl\":3,\"id\":\"l2complements:ice_blade\"}]}}","{\"id\":\"spartanfire:lightning_dragonsteel_battle_hammer\",\"Count\":1,\"tag\":{\"RepairCost\":63,\"Damage\":0,\"display\":{\"Name\":\"{\\\"text\\\":\\\"Thor's Hammer\\\"}\"},\"Enchantments\":[{\"lvl\":6,\"id\":\"minecraft:sharpness\"},{\"lvl\":3,\"id\":\"minecraft:knockback\"},{\"lvl\":3,\"id\":\"minecraft:fire_aspect\"},{\"lvl\":4,\"id\":\"minecraft:looting\"},{\"lvl\":1,\"id\":\"minecraft:mending\"},{\"lvl\":3,\"id\":\"l2complements:void_touch\"},{\"lvl\":1,\"id\":\"l2complements:hardened\"},{\"lvl\":1,\"id\":\"l2complements:soul_bound\"}]}}"],"grade4":["{\"id\":\"minecraft:enchanted_golden_apple\",\"Count\":64}","{\"id\":\"dungeons_and_combat:enchanted_fairy_dust_apple\",\"Count\":64}"],"grade5":["{\"id\":\"celestisynth:rainfall_serenity\",\"Count\":1,\"tag\":{\"Damage\":0,\"csExtras\":{\"cs.pull\":0.0,\"cs.pulling\":0.0}}}","{\"id\":\"celestisynth:aquaflora\",\"Count\":1,\"tag\":{\"Damage\":0,\"csController\":{}}}","{\"id\":\"celestisynth:poltergeist\",\"Count\":1,\"tag\":{\"csExtras\":{},\"csController\":{},\"Damage\":0}}","{\"id\":\"celestisynth:breezebreaker\",\"Count\":1,\"tag\":{\"csController\":{},\"csExtras\":{},\"Damage\":0}}","{\"id\":\"celestisynth:keres\",\"Count\":1,\"tag\":{\"Damage\":0,\"csController\":{\"cs.keresStack\":0}}}","{\"id\":\"celestisynth:frostbound\",\"Count\":1,\"tag\":{\"Damage\":0,\"csController\":{}}}","{\"id\":\"celestisynth:solaris\",\"Count\":1,\"tag\":{\"Damage\":0,\"csController\":{}}}","{\"id\":\"celestisynth:crescentia\",\"Count\":1,\"tag\":{\"Damage\":0,\"csController\":{}}}"]}