{"name":"Warden Case","key":"csgobox:csgo_key0","drop":0,"random":[2,5,6,10,67],"entity":["minecraft:zombie"],"grade1":["{\"id\":\"deeperdarker:warden_sword\",\"Count\":1,\"tag\":{\"Damage\":0}}","{\"id\":\"deeperdarker:warden_axe\",\"Count\":1,\"tag\":{\"Damage\":0}}","{\"id\":\"deeperdarker:warden_shovel\",\"Count\":1,\"tag\":{\"Damage\":0}}","{\"id\":\"deeperdarker:warden_pickaxe\",\"Count\":1,\"tag\":{\"Damage\":0}}","{\"id\":\"deeperdarker:warden_hoe\",\"Count\":1,\"tag\":{\"Damage\":0}}","{\"id\":\"deeperdarker:warden_carapace\",\"Count\":1}","{\"id\":\"l2complements:sculkium_ingot\",\"Count\":4}"],"grade2":["{\"id\":\"l2weaponry:sculkium_scythe\",\"Count\":1,\"tag\":{\"Damage\":0,\"Enchantments\":[{\"lvl\":3,\"id\":\"minecraft:sweeping\"}]}}","{\"id\":\"l2weaponry:sculkium_hammer\",\"Count\":1,\"tag\":{\"Damage\":0,\"Enchantments\":[{\"lvl\":1,\"id\":\"l2complements:cubic_digging\"}]}}","{\"id\":\"l2weaponry:sculkium_battle_axe\",\"Count\":1,\"tag\":{\"Damage\":0,\"Enchantments\":[{\"lvl\":1,\"id\":\"l2complements:tree_chopping\"}]}}","{\"id\":\"l2complements:sculkium_block\",\"Count\":1}"],"grade3":["{\"id\":\"scguns:whispers\",\"Count\":1,\"tag\":{\"GeckoLibID\":1,\"AmmoCount\":12,\"Damage\":0,\"WasHeldLastTick\":0}}","{\"id\":\"scguns:sculk_resonator\",\"Count\":1,\"tag\":{\"GeckoLibID\":2,\"AmmoCount\":12,\"Damage\":0,\"WasHeldLastTick\":0}}"],"grade4":["{\"id\":\"scguns:whispers\",\"Count\":1,\"tag\":{\"GeckoLibID\":4,\"AmmoCount\":12,\"Damage\":0,\"WasHeldLastTick\":0}}"],"grade5":["{\"id\":\"l2weaponry:sculkium_plate_shield\",\"Count\":1,\"tag\":{\"Damage\":0}}","{\"id\":\"scguns:forlorn_hope\",\"Count\":1,\"tag\":{\"GeckoLibID\":3,\"AmmoCount\":3,\"Damage\":0,\"WasHeldLastTick\":0}}"]}