{"name":"Water Scroll Case","key":"csgobox:csgo_key0","drop":0,"random":[2,5,6,20,67],"entity":["minecraft:zombie"],"grade1":["{\"id\":\"irons_spellbooks:scroll\",\"Count\":1,\"tag\":{\"ISB_Spells\":{\"maxSpells\":1,\"mustEquip\":0,\"data\":[{\"index\":0,\"id\":\"traveloptics:bubble_spray\",\"locked\":1,\"level\":3}],\"spellWheel\":0}}}","{\"id\":\"irons_spellbooks:scroll\",\"Count\":1,\"tag\":{\"ISB_Spells\":{\"maxSpells\":1,\"mustEquip\":0,\"data\":[{\"index\":0,\"id\":\"traveloptics:coral_barrage\",\"locked\":1,\"level\":1}],\"spellWheel\":0}}}","{\"id\":\"irons_spellbooks:scroll\",\"Count\":1,\"tag\":{\"ISB_Spells\":{\"maxSpells\":1,\"mustEquip\":0,\"data\":[{\"index\":0,\"id\":\"traveloptics:hydroshot\",\"locked\":1,\"level\":3}],\"spellWheel\":0}}}","{\"id\":\"irons_spellbooks:scroll\",\"Count\":1,\"tag\":{\"ISB_Spells\":{\"maxSpells\":1,\"mustEquip\":0,\"data\":[{\"index\":0,\"id\":\"traveloptics:bubble_spray\",\"locked\":1,\"level\":2}],\"spellWheel\":0}}}","{\"id\":\"irons_spellbooks:scroll\",\"Count\":1,\"tag\":{\"ISB_Spells\":{\"maxSpells\":1,\"mustEquip\":0,\"data\":[{\"index\":0,\"id\":\"traveloptics:tidal_grasp\",\"locked\":1,\"level\":1}],\"spellWheel\":0}}}","{\"id\":\"irons_spellbooks:scroll\",\"Count\":1,\"tag\":{\"ISB_Spells\":{\"maxSpells\":1,\"mustEquip\":0,\"data\":[{\"index\":0,\"id\":\"traveloptics:tidal_grasp\",\"locked\":1,\"level\":3}],\"spellWheel\":0}}}"],"grade2":["{\"id\":\"irons_spellbooks:scroll\",\"Count\":1,\"tag\":{\"ISB_Spells\":{\"maxSpells\":1,\"mustEquip\":0,\"data\":[{\"index\":0,\"id\":\"traveloptics:aqua_missiles\",\"locked\":1,\"level\":2}],\"spellWheel\":0}}}","{\"id\":\"irons_spellbooks:scroll\",\"Count\":1,\"tag\":{\"ISB_Spells\":{\"maxSpells\":1,\"mustEquip\":0,\"data\":[{\"index\":0,\"id\":\"traveloptics:jet_steam\",\"locked\":1,\"level\":1}],\"spellWheel\":0}}}","{\"id\":\"irons_spellbooks:scroll\",\"Count\":1,\"tag\":{\"ISB_Spells\":{\"maxSpells\":1,\"mustEquip\":0,\"data\":[{\"index\":0,\"id\":\"traveloptics:bubble_spray\",\"locked\":1,\"level\":5}],\"spellWheel\":0}}}","{\"id\":\"irons_spellbooks:scroll\",\"Count\":1,\"tag\":{\"ISB_Spells\":{\"maxSpells\":1,\"mustEquip\":0,\"data\":[{\"index\":0,\"id\":\"traveloptics:floodgate\",\"locked\":1,\"level\":1}],\"spellWheel\":0}}}"],"grade3":["{\"id\":\"irons_spellbooks:scroll\",\"Count\":1,\"tag\":{\"ISB_Spells\":{\"maxSpells\":1,\"mustEquip\":0,\"data\":[{\"index\":0,\"id\":\"traveloptics:aqua_missiles\",\"locked\":1,\"level\":3}],\"spellWheel\":0}}}","{\"id\":\"irons_spellbooks:scroll\",\"Count\":1,\"tag\":{\"ISB_Spells\":{\"maxSpells\":1,\"mustEquip\":0,\"data\":[{\"index\":0,\"id\":\"traveloptics:rainfall\",\"locked\":1,\"level\":1}],\"spellWheel\":0}}}","{\"id\":\"irons_spellbooks:scroll\",\"Count\":1,\"tag\":{\"ISB_Spells\":{\"maxSpells\":1,\"mustEquip\":0,\"data\":[{\"index\":0,\"id\":\"traveloptics:tsunami\",\"locked\":1,\"level\":3}],\"spellWheel\":0}}}"],"grade4":["{\"id\":\"irons_spellbooks:scroll\",\"Count\":1,\"tag\":{\"ISB_Spells\":{\"maxSpells\":1,\"mustEquip\":0,\"data\":[{\"index\":0,\"id\":\"traveloptics:bubble_spray\",\"locked\":1,\"level\":10}],\"spellWheel\":0}}}","{\"id\":\"irons_spellbooks:scroll\",\"Count\":1,\"tag\":{\"ISB_Spells\":{\"maxSpells\":1,\"mustEquip\":0,\"data\":[{\"index\":0,\"id\":\"traveloptics:hydroshot\",\"locked\":1,\"level\":10}],\"spellWheel\":0}}}"],"grade5":["{\"id\":\"irons_spellbooks:scroll\",\"Count\":1,\"tag\":{\"ISB_Spells\":{\"maxSpells\":1,\"mustEquip\":0,\"data\":[{\"index\":0,\"id\":\"traveloptics:echo_of_the_abyss\",\"locked\":1,\"level\":1}],\"spellWheel\":0}}}","{\"id\":\"irons_spellbooks:scroll\",\"Count\":1,\"tag\":{\"ISB_Spells\":{\"maxSpells\":1,\"mustEquip\":0,\"data\":[{\"index\":0,\"id\":\"traveloptics:tidal_slash\",\"locked\":1,\"level\":1}],\"spellWheel\":0}}}","{\"id\":\"irons_spellbooks:scroll\",\"Count\":1,\"tag\":{\"ISB_Spells\":{\"maxSpells\":1,\"mustEquip\":0,\"data\":[{\"index\":0,\"id\":\"traveloptics:vortex_of_the_deep\",\"locked\":1,\"level\":1}],\"spellWheel\":0}}}"]}