{"name":"Zombie Killer Case","key":"csgobox:csgo_key0","drop":0.001,"random":[2,4,5,8,20],"entity":["minecraft:zombie"],"grade1":["{\"id\":\"minecraft:experience_bottle\",\"Count\":64}","{\"id\":\"minecraft:diamond\",\"Count\":6}","{\"id\":\"minecraft:gold_ingot\",\"Count\":24}","{\"id\":\"spartanweaponry:iron_flanged_mace\",\"Count\":1,\"tag\":{\"RepairCost\":31,\"Damage\":0,\"Enchantments\":[{\"lvl\":2,\"id\":\"minecraft:fire_aspect\"},{\"lvl\":5,\"id\":\"minecraft:sharpness\"},{\"lvl\":2,\"id\":\"minecraft:knockback\"},{\"lvl\":3,\"id\":\"minecraft:looting\"},{\"lvl\":3,\"id\":\"minecraft:sweeping\"}]}}","{\"id\":\"spartanweaponry:iron_pike\",\"Count\":1,\"tag\":{\"RepairCost\":31,\"Damage\":0,\"Enchantments\":[{\"lvl\":2,\"id\":\"minecraft:fire_aspect\"},{\"lvl\":5,\"id\":\"minecraft:sharpness\"},{\"lvl\":2,\"id\":\"minecraft:knockback\"},{\"lvl\":3,\"id\":\"minecraft:looting\"},{\"lvl\":3,\"id\":\"minecraft:sweeping\"}]}}"],"grade2":["{\"id\":\"gateways:gate_pearl\",\"Count\":1,\"tag\":{\"gateway\":\"gateways:overworldian_nights\"}}","{\"id\":\"spartanshields:diamond_basic_shield\",\"Count\":1,\"tag\":{\"Damage\":0}}","{\"id\":\"spartanshields:diamond_tower_shield\",\"Count\":1,\"tag\":{\"Damage\":0}}"],"grade3":["{\"id\":\"spartanweaponry:diamond_flanged_mace\",\"Count\":1,\"tag\":{\"RepairCost\":31,\"Damage\":0,\"Enchantments\":[{\"lvl\":2,\"id\":\"minecraft:fire_aspect\"},{\"lvl\":5,\"id\":\"minecraft:sharpness\"},{\"lvl\":2,\"id\":\"minecraft:knockback\"},{\"lvl\":3,\"id\":\"minecraft:looting\"},{\"lvl\":3,\"id\":\"minecraft:sweeping\"}]}}","{\"id\":\"spartanweaponry:diamond_pike\",\"Count\":1,\"tag\":{\"RepairCost\":31,\"Damage\":0,\"Enchantments\":[{\"lvl\":2,\"id\":\"minecraft:fire_aspect\"},{\"lvl\":5,\"id\":\"minecraft:sharpness\"},{\"lvl\":2,\"id\":\"minecraft:knockback\"},{\"lvl\":3,\"id\":\"minecraft:looting\"},{\"lvl\":3,\"id\":\"minecraft:sweeping\"}]}}"],"grade4":["{\"id\":\"minecraft:enchanted_book\",\"Count\":1,\"tag\":{\"StoredEnchantments\":[{\"lvl\":2,\"id\":\"minecraft:fire_aspect\"},{\"lvl\":5,\"id\":\"minecraft:sharpness\"},{\"lvl\":2,\"id\":\"minecraft:knockback\"},{\"lvl\":3,\"id\":\"minecraft:looting\"}],\"RepairCost\":7}}"],"grade5":["{\"id\":\"spartanweaponry:netherite_pike\",\"Count\":1,\"tag\":{\"RepairCost\":63,\"Damage\":0,\"Enchantments\":[{\"lvl\":2,\"id\":\"minecraft:fire_aspect\"},{\"lvl\":5,\"id\":\"minecraft:sharpness\"},{\"lvl\":2,\"id\":\"minecraft:knockback\"},{\"lvl\":3,\"id\":\"minecraft:looting\"},{\"lvl\":3,\"id\":\"minecraft:sweeping\"}]}}","{\"id\":\"spartanweaponry:netherite_flanged_mace\",\"Count\":1,\"tag\":{\"RepairCost\":31,\"Damage\":0,\"display\":{\"Name\":\"{\\\"text\\\":\\\"𐌍𐌉Ᏽ𐋅𐌕𐌅𐌀𐌋𐌋\\\"}\"},\"Enchantments\":[{\"lvl\":5,\"id\":\"minecraft:sharpness\"},{\"lvl\":2,\"id\":\"minecraft:fire_aspect\"},{\"lvl\":2,\"id\":\"minecraft:knockback\"},{\"lvl\":3,\"id\":\"minecraft:looting\"},{\"lvl\":3,\"id\":\"minecraft:sweeping\"}]}}"]}