{"name":"Boss Case","key":"csgobox:csgo_key2","drop":0,"random":[2,5,6,7,15],"entity":["minecraft:zombie"],"grade1":["{\"id\":\"spartanfire:iced_dragon_bone_longsword\",\"Count\":1,\"tag\":{\"gems_count\":2,\"RepairCost\":3,\"affix_data\":{\"gems\":[{\"id\":\"apotheosis:gem\",\"Count\":1,\"tag\":{\"affix_data\":{\"rarity\":\"apotheosis:rare\"},\"gem_power\":1.0,\"gem\":\"apotheosis:core/ballast\",\"uuids\":[[20736638,1724727960,-2122656203,1458399228]]}},{\"id\":\"apotheosis:gem\",\"Count\":1,\"tag\":{\"affix_data\":{\"rarity\":\"apotheosis:rare\"},\"gem_power\":1.0,\"gem\":\"apotheosis:core/guardian\",\"uuids\":[[-1304232834,940852644,-1493767249,556348611]]}}],\"sockets\":2},\"Damage\":0,\"Enchantments\":[{\"lvl\":5,\"id\":\"minecraft:sharpness\"},{\"lvl\":3,\"id\":\"minecraft:unbreaking\"}]}}","{\"id\":\"spartanfire:flamed_dragon_bone_warhammer\",\"Count\":1,\"tag\":{\"gems_count\":2,\"affix_data\":{\"gems\":[{\"id\":\"apotheosis:gem\",\"Count\":1,\"tag\":{\"affix_data\":{\"rarity\":\"apotheosis:rare\"},\"gem_power\":1.0,\"gem\":\"apotheosis:core/ballast\",\"uuids\":[[-932834741,-1281143948,-2130071582,728900012]]}},{\"id\":\"apotheosis:gem\",\"Count\":63,\"tag\":{\"affix_data\":{\"rarity\":\"apotheosis:rare\"},\"gem_power\":1.0,\"gem\":\"apotheosis:core/combatant\",\"uuids\":[[-2112323179,1746550923,-1247796797,-679398079]]}}],\"sockets\":2},\"Damage\":0}}","{\"id\":\"spartanfire:iced_dragon_bone_longbow\",\"Count\":1,\"tag\":{\"gems_count\":2,\"RepairCost\":3,\"affix_data\":{\"gems\":[{\"id\":\"apotheosis:gem\",\"Count\":1,\"tag\":{\"affix_data\":{\"rarity\":\"apotheosis:rare\"},\"gem_power\":1.0,\"gem\":\"apotheosis:core/lightning\",\"uuids\":[[-2127531685,1283803182,-1738526799,781168642]]}},{\"id\":\"apotheosis:gem\",\"Count\":63,\"tag\":{\"affix_data\":{\"rarity\":\"apotheosis:epic\"},\"gem_power\":1.0,\"gem\":\"apotheosis:core/combatant\",\"uuids\":[[1312010627,19415070,-1613733926,1338288135]]}}],\"sockets\":2},\"Damage\":0,\"Enchantments\":[{\"lvl\":1,\"id\":\"apotheosis:endless_quiver\"},{\"lvl\":5,\"id\":\"minecraft:power\"}]}}","{\"id\":\"spartanfire:flamed_dragon_bone_katana\",\"Count\":1,\"tag\":{\"gems_count\":2,\"RepairCost\":3,\"affix_data\":{\"gems\":[{\"id\":\"apotheosis:gem\",\"Count\":1,\"tag\":{\"affix_data\":{\"rarity\":\"apotheosis:rare\"},\"gem_power\":1.0,\"gem\":\"apotheosis:core/ballast\",\"uuids\":[[176132172,440028975,-1122930932,-171072096]]}},{\"id\":\"apotheosis:gem\",\"Count\":64,\"tag\":{\"affix_data\":{\"rarity\":\"apotheosis:rare\"},\"gem_power\":1.0,\"gem\":\"apotheosis:core/combatant\",\"uuids\":[[-1980041634,851069799,-1994237931,-1704679468]]}}],\"sockets\":2},\"Damage\":0,\"Enchantments\":[{\"lvl\":5,\"id\":\"minecraft:sharpness\"},{\"lvl\":3,\"id\":\"minecraft:unbreaking\"}]}}","{\"id\":\"spartanfire:iced_dragon_bone_battleaxe\",\"Count\":1,\"tag\":{\"gems_count\":2,\"RepairCost\":3,\"affix_data\":{\"gems\":[{\"id\":\"apotheosis:gem\",\"Count\":1,\"tag\":{\"affix_data\":{\"rarity\":\"apotheosis:rare\"},\"gem_power\":1.0,\"gem\":\"apotheosis:core/ballast\",\"uuids\":[[-1449060527,-756987391,-1654852028,-512471568]]}},{\"id\":\"apotheosis:gem\",\"Count\":64,\"tag\":{\"affix_data\":{\"rarity\":\"apotheosis:rare\"},\"gem_power\":1.0,\"gem\":\"apotheosis:core/guardian\",\"uuids\":[[2022230381,-1783349008,-1405151866,26850120]]}}],\"sockets\":2},\"Damage\":0,\"Enchantments\":[{\"lvl\":5,\"id\":\"minecraft:sharpness\"},{\"lvl\":3,\"id\":\"minecraft:unbreaking\"}]}}","{\"id\":\"spartanfire:flamed_dragon_bone_parrying_dagger\",\"Count\":1,\"tag\":{\"gems_count\":2,\"RepairCost\":3,\"affix_data\":{\"gems\":[{\"id\":\"apotheosis:gem\",\"Count\":1,\"tag\":{\"affix_data\":{\"rarity\":\"apotheosis:rare\"},\"gem_power\":1.0,\"gem\":\"apotheosis:core/combatant\",\"uuids\":[[881077499,1617250139,-1687305065,668652396]]}},{\"id\":\"apotheosis:gem\",\"Count\":64,\"tag\":{\"affix_data\":{\"rarity\":\"apotheosis:rare\"},\"gem_power\":1.0,\"gem\":\"apotheosis:core/ballast\",\"uuids\":[[148751472,-2103753158,-1904816310,-377134132]]}}],\"sockets\":2},\"Damage\":0,\"Enchantments\":[{\"lvl\":5,\"id\":\"minecraft:sharpness\"},{\"lvl\":3,\"id\":\"minecraft:unbreaking\"}]}}","{\"id\":\"scguns:raygun\",\"Count\":1,\"tag\":{\"GeckoLibID\":68,\"AmmoCount\":17,\"Damage\":0,\"Attachments\":{},\"IsDrawing\":1}}"],"grade2":["{\"id\":\"ice_and_fire_spellbooks:crimson_dragon_priest_staff\",\"Count\":1,\"tag\":{\"RepairCost\":1,\"Enchantments\":[{\"lvl\":3,\"id\":\"minecraft:unbreaking\"}]}}","{\"id\":\"iceandfire:dragonsteel_fire_helmet\",\"Count\":1,\"tag\":{\"gems_count\":1,\"RepairCost\":7,\"affix_data\":{\"gems\":[{\"id\":\"apotheosis:gem\",\"Count\":1,\"tag\":{\"affix_data\":{\"rarity\":\"apotheosis:ancient\"},\"gem_power\":1.0,\"gem\":\"apotheosis:overworld/royalty\",\"uuids\":[[-1952078999,1866089596,-1576861644,-34934833],[915821471,139087435,-1090720545,-1174249688],[-2121385116,-1846653471,-1940576289,1860798407]]}}],\"sockets\":1},\"Damage\":0,\"Enchantments\":[{\"lvl\":5,\"id\":\"minecraft:protection\"},{\"lvl\":4,\"id\":\"minecraft:fire_protection\"},{\"lvl\":3,\"id\":\"l2complements:durable_armor\"}]}}","{\"id\":\"iceandfire:dragonsteel_ice_chestplate\",\"Count\":1,\"tag\":{\"gems_count\":2,\"RepairCost\":7,\"affix_data\":{\"gems\":[{\"id\":\"apotheosis:gem\",\"Count\":1,\"tag\":{\"affix_data\":{\"rarity\":\"apotheosis:epic\"},\"gem_power\":1.0,\"gem\":\"apotheosis:core/brawlers\",\"uuids\":[[1877009776,-951956512,-1224013295,57447558]]}},{\"id\":\"apotheosis:gem\",\"Count\":1,\"tag\":{\"affix_data\":{\"rarity\":\"apotheosis:epic\"},\"gem_power\":1.0,\"gem\":\"apotheosis:core/combatant\",\"uuids\":[[207958076,-32814443,-1790892105,-1119158270]]}}],\"sockets\":2},\"Damage\":0,\"Enchantments\":[{\"lvl\":5,\"id\":\"minecraft:protection\"},{\"lvl\":4,\"id\":\"minecraft:projectile_protection\"},{\"lvl\":3,\"id\":\"l2complements:durable_armor\"}]}}","{\"id\":\"iceandfire:dragonsteel_fire_leggings\",\"Count\":1,\"tag\":{\"gems_count\":3,\"RepairCost\":7,\"affix_data\":{\"gems\":[{\"id\":\"apotheosis:gem\",\"Count\":1,\"tag\":{\"affix_data\":{\"rarity\":\"apotheosis:epic\"},\"gem_power\":1.0,\"gem\":\"apotheosis:core/brawlers\",\"uuids\":[[-176501355,-762427700,-1165279160,-1443922108]]}},{\"id\":\"apotheosis:gem\",\"Count\":1,\"tag\":{\"affix_data\":{\"rarity\":\"apotheosis:epic\"},\"gem_power\":1.0,\"gem\":\"apotheosis:core/combatant\",\"uuids\":[[549179652,-490913184,-1882653796,2071677099]]}},{\"id\":\"minecraft:air\",\"Count\":1,\"tag\":{\"affix_data\":{\"sockets\":1}}}],\"sockets\":3},\"Damage\":0,\"Enchantments\":[{\"lvl\":5,\"id\":\"minecraft:protection\"},{\"lvl\":4,\"id\":\"minecraft:fire_protection\"},{\"lvl\":3,\"id\":\"l2complements:durable_armor\"}]}}","{\"id\":\"iceandfire:dragonsteel_ice_boots\",\"Count\":1,\"tag\":{\"gems_count\":2,\"RepairCost\":7,\"affix_data\":{\"gems\":[{\"id\":\"apotheosis:gem\",\"Count\":1,\"tag\":{\"affix_data\":{\"rarity\":\"apotheosis:uncommon\"},\"gem_power\":1.0,\"gem\":\"apotheosis:core/samurai\",\"uuids\":[[1220373988,-986952894,-1309871563,634131313]]}},{\"id\":\"minecraft:air\",\"Count\":1,\"tag\":{\"affix_data\":{\"sockets\":1}}}],\"sockets\":2},\"Damage\":0,\"Enchantments\":[{\"lvl\":5,\"id\":\"minecraft:protection\"},{\"lvl\":4,\"id\":\"minecraft:projectile_protection\"},{\"lvl\":3,\"id\":\"l2complements:durable_armor\"}]}}"],"grade3":["{\"id\":\"minecraft:enchanted_book\",\"Count\":1,\"tag\":{\"StoredEnchantments\":[{\"lvl\":3,\"id\":\"l2complements:void_touch\"},{\"lvl\":8,\"id\":\"minecraft:sweeping\"},{\"lvl\":8,\"id\":\"minecraft:looting\"},{\"lvl\":9,\"id\":\"minecraft:sharpness\"},{\"lvl\":3,\"id\":\"l2complements:sharp_blade\"}],\"RepairCost\":15}}","{\"id\":\"minecraft:enchanted_book\",\"Count\":1,\"tag\":{\"StoredEnchantments\":[{\"lvl\":3,\"id\":\"l2complements:durable_armor\"},{\"lvl\":5,\"id\":\"minecraft:thorns\"},{\"lvl\":11,\"id\":\"minecraft:feather_falling\"},{\"lvl\":7,\"id\":\"minecraft:respiration\"},{\"lvl\":8,\"id\":\"minecraft:protection\"},{\"lvl\":9,\"id\":\"minecraft:fire_protection\"}],\"RepairCost\":15}}","{\"id\":\"celestisynth:poltergeist\",\"Count\":1,\"tag\":{\"csExtras\":{},\"csController\":{},\"RepairCost\":1,\"affix_data\":{\"gems\":[{\"id\":\"apotheosis:gem\",\"Count\":59,\"tag\":{\"affix_data\":{\"rarity\":\"apotheosis:epic\"},\"gem_power\":1.0,\"gem\":\"apotheosis:core/ballast\",\"uuids\":[[518871506,-667925656,-1285616743,-1018804854]]}}],\"sockets\":1},\"Enchantments\":[{\"lvl\":9,\"id\":\"minecraft:sharpness\"},{\"lvl\":8,\"id\":\"l2complements:sharp_blade\"}],\"gems_count\":1,\"Damage\":0}}"],"grade4":["{\"id\":\"coins_and_randoms_loot:stone_of_fortune\",\"Count\":1,\"tag\":{\"Damage\":0}}","{\"id\":\"coins_and_randoms_loot:cadrixca_the_summoning_staff\",\"Count\":1,\"tag\":{\"affix_data\":{\"sockets\":1},\"Damage\":0}}"],"grade5":["{\"id\":\"celestisynth:frostbound\",\"Count\":1,\"tag\":{\"csController\":{},\"RepairCost\":1,\"affix_data\":{\"gems\":[{\"id\":\"apotheosis:gem\",\"Count\":63,\"tag\":{\"affix_data\":{\"rarity\":\"apotheosis:epic\"},\"gem_power\":1.0,\"gem\":\"apotheosis:core/ballast\",\"uuids\":[[-851748867,1007763714,-1230510268,-200845217]]}}],\"sockets\":1},\"Enchantments\":[{\"lvl\":9,\"id\":\"minecraft:sharpness\"},{\"lvl\":8,\"id\":\"l2complements:sharp_blade\"}],\"gems_count\":1,\"Damage\":0}}","{\"id\":\"celestisynth:solaris\",\"Count\":1,\"tag\":{\"csController\":{},\"RepairCost\":1,\"affix_data\":{\"gems\":[{\"id\":\"apotheosis:gem\",\"Count\":62,\"tag\":{\"affix_data\":{\"rarity\":\"apotheosis:epic\"},\"gem_power\":1.0,\"gem\":\"apotheosis:core/ballast\",\"uuids\":[[-2114830620,-1290645852,-1685527121,-1255159626]]}}],\"sockets\":1},\"Enchantments\":[{\"lvl\":9,\"id\":\"minecraft:sharpness\"},{\"lvl\":8,\"id\":\"l2complements:sharp_blade\"}],\"gems_count\":1,\"Damage\":0}}","{\"id\":\"celestisynth:crescentia\",\"Count\":1,\"tag\":{\"csController\":{},\"RepairCost\":1,\"affix_data\":{\"gems\":[{\"id\":\"apotheosis:gem\",\"Count\":61,\"tag\":{\"affix_data\":{\"rarity\":\"apotheosis:epic\"},\"gem_power\":1.0,\"gem\":\"apotheosis:core/ballast\",\"uuids\":[[-2886214,-926530352,-1654127016,1113150010]]}}],\"sockets\":1},\"Enchantments\":[{\"lvl\":9,\"id\":\"minecraft:sharpness\"},{\"lvl\":8,\"id\":\"l2complements:sharp_blade\"}],\"gems_count\":1,\"Damage\":0}}","{\"id\":\"celestisynth:breezebreaker\",\"Count\":1,\"tag\":{\"csController\":{},\"csExtras\":{},\"RepairCost\":1,\"affix_data\":{\"gems\":[{\"id\":\"apotheosis:gem\",\"Count\":60,\"tag\":{\"affix_data\":{\"rarity\":\"apotheosis:epic\"},\"gem_power\":1.0,\"gem\":\"apotheosis:core/ballast\",\"uuids\":[[637968082,-1474277952,-1575990482,100243551]]}}],\"sockets\":1},\"Enchantments\":[{\"lvl\":9,\"id\":\"minecraft:sharpness\"},{\"lvl\":8,\"id\":\"l2complements:sharp_blade\"}],\"gems_count\":1,\"Damage\":0}}","{\"id\":\"celestisynth:aquaflora\",\"Count\":1,\"tag\":{\"csController\":{},\"RepairCost\":1,\"affix_data\":{\"gems\":[{\"id\":\"apotheosis:gem\",\"Count\":58,\"tag\":{\"affix_data\":{\"rarity\":\"apotheosis:epic\"},\"gem_power\":1.0,\"gem\":\"apotheosis:core/ballast\",\"uuids\":[[905210751,-941408141,-1292140113,-1418125658]]}}],\"sockets\":1},\"Enchantments\":[{\"lvl\":9,\"id\":\"minecraft:sharpness\"},{\"lvl\":8,\"id\":\"l2complements:sharp_blade\"}],\"gems_count\":1,\"Damage\":0}}","{\"id\":\"celestisynth:keres\",\"Count\":1,\"tag\":{\"csController\":{\"cs.keresStack\":0},\"RepairCost\":1,\"affix_data\":{\"gems\":[{\"id\":\"apotheosis:gem\",\"Count\":64,\"tag\":{\"affix_data\":{\"rarity\":\"apotheosis:epic\"},\"gem_power\":1.0,\"gem\":\"apotheosis:core/ballast\",\"uuids\":[[-4962305,-1205385760,-1413955907,1536762845]]}}],\"sockets\":1},\"Enchantments\":[{\"lvl\":9,\"id\":\"minecraft:sharpness\"},{\"lvl\":8,\"id\":\"l2complements:sharp_blade\"}],\"gems_count\":1,\"Damage\":0}}"]}