{"name":"Challenge Casee","key":"csgobox:csgo_key1","drop":0.009,"random":[2,5,6,15,30],"entity":["minecraft:skeleton","minecraft:creeper","minecraft:spider"],"grade1":["{\"id\":\"gateways:gate_pearl\",\"Count\":1,\"tag\":{\"gateway\":\"gateways:basic/blaze\"}}","{\"id\":\"gateways:gate_pearl\",\"Count\":1,\"tag\":{\"gateway\":\"gateways:basic/enderman\"}}","{\"id\":\"gateways:gate_pearl\",\"Count\":1,\"tag\":{\"gateway\":\"gateways:basic/slime\"}}"],"grade2":["{\"id\":\"gateways:gate_pearl\",\"Count\":1,\"tag\":{\"gateway\":\"gateways:emerald_grove\"}}","{\"id\":\"gateways:gate_pearl\",\"Count\":1,\"tag\":{\"gateway\":\"gateways:endless/blaze\"}}","{\"id\":\"gateways:gate_pearl\",\"Count\":1,\"tag\":{\"gateway\":\"gateways:hostility/growth\"}}","{\"id\":\"gateways:gate_pearl\",\"Count\":1,\"tag\":{\"gateway\":\"gateways:hostility/split\"}}","{\"id\":\"gateways:gate_pearl\",\"Count\":1,\"tag\":{\"gateway\":\"gateways:overworldian_nights\"}}"],"grade3":["{\"id\":\"gateways:gate_pearl\",\"Count\":1,\"tag\":{\"gateway\":\"gateways:alexs_hell\"}}","{\"id\":\"gateways:gate_pearl\",\"Count\":1,\"tag\":{\"gateway\":\"gateways:deeperdarker\"}}","{\"id\":\"gateways:gate_pearl\",\"Count\":1,\"tag\":{\"gateway\":\"gateways:hellish_fortress\"}}"],"grade4":["{\"id\":\"gateways:gate_pearl\",\"Count\":1,\"tag\":{\"gateway\":\"gateways:cataclysm_ender\"}}"],"grade5":["{\"id\":\"gateways:gate_pearl\",\"Count\":1,\"tag\":{\"gateway\":\"gateways:cataclysm_ignis\"}}"]}