{"name":"Christmas Cookies Case","key":"csgobox:csgo_key0","drop":0,"random":[2,5,6,20,625],"entity":["minecraft:zombie"],"grade1":["{\"id\":\"farmers_delight_christmas_editon:wrapped_chocolate_coin\",\"Count\":2}","{\"id\":\"festive_delight:sugar_cane\",\"Count\":1}"],"grade2":["{\"id\":\"farmers_delight_christmas_editon:green_gingerbread_tree\",\"Count\":3}","{\"id\":\"farmers_delight_christmas_editon:white_gingerbread_man\",\"Count\":3}","{\"id\":\"farmers_delight_christmas_editon:eggnog\",\"Count\":3}","{\"id\":\"farmers_delight_christmas_editon:frosted_gingerbread_man\",\"Count\":3}"],"grade3":["{\"id\":\"festive_delight:salmon_verrines\",\"Count\":3}","{\"id\":\"farmers_delight_christmas_editon:chocolate_chip_ice_cream\",\"Count\":4}"],"grade4":["{\"id\":\"farmers_delight_christmas_editon:cream_cheese_and_berry_log\",\"Count\":3}"],"grade5":["{\"id\":\"festive_delight:rolling_pin\",\"Count\":1,\"tag\":{\"gems_count\":3,\"RepairCost\":3,\"affix_data\":{\"gems\":[{\"id\":\"apotheosis:gem\",\"Count\":1,\"tag\":{\"affix_data\":{\"rarity\":\"apotheosis:ancient\"},\"gem_power\":1.0,\"gem\":\"apotheosis:core/ballast\",\"uuids\":[[-1325058298,-1179300928,-1598662631,16156054]]}},{\"id\":\"minecraft:air\",\"Count\":1,\"tag\":{\"affix_data\":{\"sockets\":1}}},{\"id\":\"minecraft:air\",\"Count\":1,\"tag\":{\"affix_data\":{\"sockets\":1}}}],\"sockets\":3},\"Damage\":0,\"Enchantments\":[{\"lvl\":21,\"id\":\"minecraft:sharpness\"},{\"lvl\":3,\"id\":\"minecraft:unbreaking\"},{\"lvl\":2,\"id\":\"l2weaponry:heavy\"}]}}"]}