{"name":"Curses Magical Case","key":"csgobox:csgo_key2","drop":0.001,"random":[2,5,6,20,67],"entity":["minecraft:zombie","minecraft:skeleton","minecraft:spider","minecraft:creeper"],"grade1":["{\"id\":\"l2hostility:charm_of_looting_4\",\"Count\":1}","{\"id\":\"l2hostility:charm_of_looting_3\",\"Count\":1}","{\"id\":\"l2hostility:charm_of_looting_2\",\"Count\":1}","{\"id\":\"l2hostility:charm_of_looting_1\",\"Count\":1}","{\"id\":\"l2hostility:bottle_of_curse\",\"Count\":1}"],"grade2":["{\"id\":\"l2hostility:miracle_ingot\",\"Count\":1}","{\"id\":\"l2hostility:chaos_ingot\",\"Count\":1}","{\"id\":\"l2hostility:triple_strip_cape\",\"Count\":1}","{\"id\":\"l2hostility:imagine_breaker\",\"Count\":1}","{\"id\":\"l2hostility:platinum_star\",\"Count\":1}"],"grade3":["{\"id\":\"l2hostility:oddeyes_glasses\",\"Count\":1}","{\"id\":\"l2hostility:curse_of_sloth\",\"Count\":1}","{\"id\":\"l2hostility:curse_of_wrath\",\"Count\":1}"],"grade4":["{\"id\":\"l2hostility:curse_of_lust\",\"Count\":1}","{\"id\":\"l2hostility:curse_of_greed\",\"Count\":1}"],"grade5":["{\"id\":\"l2hostility:greed_of_nidhoggur\",\"Count\":1}","{\"id\":\"l2hostility:curse_of_pride\",\"Count\":1}","{\"id\":\"l2hostility:flaming_thorn\",\"Count\":1}","{\"id\":\"l2hostility:abyssal_thorn\",\"Count\":1}","{\"id\":\"l2hostility:divinity_cross\",\"Count\":1}","{\"id\":\"l2hostility:divinity_light\",\"Count\":1}"]}