{"name":"Demi-Gods Case","key":"csgobox:csgo_key2","drop":0,"random":[2,3,5,6,20],"entity":["minecraft:zombie"],"grade1":["{\"id\":\"minecraft:golden_apple\",\"Count\":32}","{\"id\":\"minecraft:enchanted_golden_apple\",\"Count\":8}","{\"id\":\"spartanweaponry:netherite_katana\",\"Count\":1,\"tag\":{\"RepairCost\":0,\"Damage\":0,\"Enchantments\":[{\"lvl\":3,\"id\":\"minecraft:looting\"},{\"lvl\":6,\"id\":\"minecraft:sharpness\"},{\"lvl\":3,\"id\":\"minecraft:fire_aspect\"},{\"lvl\":1,\"id\":\"minecraft:mending\"}],\"display\":{\"Name\":\"{\\\"text\\\":\\\"鬼殺し\\\"}\"}}}","{\"id\":\"spartanweaponry:netherite_greatsword\",\"Count\":1,\"tag\":{\"RepairCost\":0,\"Damage\":0,\"Enchantments\":[{\"lvl\":3,\"id\":\"minecraft:looting\"},{\"lvl\":4,\"id\":\"minecraft:sweeping\"},{\"lvl\":6,\"id\":\"minecraft:sharpness\"},{\"lvl\":3,\"id\":\"minecraft:fire_aspect\"},{\"lvl\":1,\"id\":\"minecraft:mending\"}],\"display\":{\"Name\":\"{\\\"text\\\":\\\"αɳɳιԋιʅαƚҽυɾ\\\"}\"}}}","{\"id\":\"spartanweaponry:netherite_saber\",\"Count\":1,\"tag\":{\"RepairCost\":0,\"Damage\":0,\"Enchantments\":[{\"lvl\":3,\"id\":\"minecraft:looting\"},{\"lvl\":6,\"id\":\"minecraft:sharpness\"},{\"lvl\":3,\"id\":\"minecraft:fire_aspect\"},{\"lvl\":1,\"id\":\"minecraft:mending\"}],\"display\":{\"Name\":\"{\\\"text\\\":\\\"𝓡𝓘𝓒𝓗𝓛𝓞𝓤𝓘𝓢\\\"}\"}}}","{\"id\":\"spartanweaponry:netherite_scythe\",\"Count\":1,\"tag\":{\"RepairCost\":0,\"Damage\":0,\"Enchantments\":[{\"lvl\":3,\"id\":\"minecraft:looting\"},{\"lvl\":6,\"id\":\"minecraft:sharpness\"},{\"lvl\":3,\"id\":\"minecraft:fire_aspect\"},{\"lvl\":1,\"id\":\"minecraft:mending\"}],\"display\":{\"Name\":\"{\\\"text\\\":\\\"𐌕𐌓𐌀𐌍𐌔𐋅'𐌀ᏵꝊ𐌓\\\"}\"}}}"],"grade2":["{\"id\":\"minecraft:netherite_helmet\",\"Count\":1,\"tag\":{\"RepairCost\":31,\"Damage\":0,\"Enchantments\":[{\"lvl\":3,\"id\":\"minecraft:thorns\"},{\"lvl\":3,\"id\":\"minecraft:respiration\"},{\"lvl\":1,\"id\":\"minecraft:aqua_affinity\"},{\"lvl\":4,\"id\":\"minecraft:protection\"},{\"lvl\":1,\"id\":\"minecraft:mending\"}],\"display\":{\"Name\":\"{\\\"text\\\":\\\"𝕮𝖆𝖘𝖖𝖚𝖊 𝖉'𝕺𝖗𝖎𝖔𝖓\\\"}\"}}}","{\"id\":\"minecraft:netherite_chestplate\",\"Count\":1,\"tag\":{\"RepairCost\":7,\"Damage\":0,\"Enchantments\":[{\"lvl\":3,\"id\":\"minecraft:thorns\"},{\"lvl\":1,\"id\":\"minecraft:mending\"},{\"lvl\":4,\"id\":\"minecraft:protection\"}],\"display\":{\"Name\":\"{\\\"text\\\":\\\"𝕻𝖑𝖆𝖘𝖙𝖗𝖔𝖓 𝖉'𝕺𝖗𝖎𝖔𝖓\\\"}\"}}}","{\"id\":\"minecraft:netherite_leggings\",\"Count\":1,\"tag\":{\"RepairCost\":15,\"Damage\":0,\"Enchantments\":[{\"lvl\":3,\"id\":\"minecraft:thorns\"},{\"lvl\":4,\"id\":\"minecraft:protection\"},{\"lvl\":3,\"id\":\"minecraft:swift_sneak\"},{\"lvl\":1,\"id\":\"minecraft:mending\"}],\"display\":{\"Name\":\"{\\\"text\\\":\\\"𝕵𝖆𝖒𝖇𝖎è𝖗𝖊𝖘 𝖉'𝕺𝖗𝖎𝖔𝖓\\\"}\"}}}","{\"id\":\"minecraft:netherite_boots\",\"Count\":1,\"tag\":{\"RepairCost\":31,\"Damage\":0,\"Enchantments\":[{\"lvl\":4,\"id\":\"minecraft:protection\"},{\"lvl\":4,\"id\":\"minecraft:feather_falling\"},{\"lvl\":3,\"id\":\"minecraft:thorns\"},{\"lvl\":3,\"id\":\"minecraft:depth_strider\"},{\"lvl\":3,\"id\":\"minecraft:soul_speed\"},{\"lvl\":1,\"id\":\"minecraft:mending\"}],\"display\":{\"Name\":\"{\\\"text\\\":\\\"𝕭𝖔𝖙𝖙𝖊𝖘 𝖉'𝕺𝖗𝖎𝖔𝖓\\\"}\"}}}"],"grade3":["{\"id\":\"minecraft:enchanted_book\",\"Count\":1,\"tag\":{\"StoredEnchantments\":[{\"lvl\":3,\"id\":\"minecraft:looting\"},{\"lvl\":4,\"id\":\"minecraft:sweeping\"},{\"lvl\":6,\"id\":\"minecraft:sharpness\"},{\"lvl\":3,\"id\":\"minecraft:fire_aspect\"},{\"lvl\":1,\"id\":\"minecraft:mending\"}],\"RepairCost\":7}}"],"grade4":["{\"id\":\"minecraft:enchanted_golden_apple\",\"Count\":24}","{\"id\":\"cataclysm:meat_shredder\",\"Count\":1}"],"grade5":["{\"id\":\"spartanfire:fire_dragonsteel_dagger\",\"Count\":1,\"tag\":{\"Damage\":0}}","{\"id\":\"spartanfire:ice_dragonsteel_dagger\",\"Count\":1,\"tag\":{\"Damage\":0}}","{\"id\":\"spartanfire:lightning_dragonsteel_dagger\",\"Count\":1,\"tag\":{\"Damage\":0}}","{\"id\":\"spartanfire:fire_dragonsteel_saber\",\"Count\":1,\"tag\":{\"Damage\":0}}","{\"id\":\"spartanfire:ice_dragonsteel_saber\",\"Count\":1,\"tag\":{\"Damage\":0}}","{\"id\":\"spartanfire:lightning_dragonsteel_saber\",\"Count\":1,\"tag\":{\"Damage\":0}}","{\"id\":\"spartanfire:ice_dragonsteel_rapier\",\"Count\":1,\"tag\":{\"Damage\":0}}","{\"id\":\"spartanfire:lightning_dragonsteel_rapier\",\"Count\":1,\"tag\":{\"Damage\":0}}"]}