{"name":"Disc Case","key":"csgobox:csgo_key0","drop":0,"random":[2,5,6,20,50],"entity":["minecraft:zombie"],"grade1":["{\"id\":\"minecraft:music_disc_13\",\"Count\":1}","{\"id\":\"minecraft:music_disc_cat\",\"Count\":1}","{\"id\":\"minecraft:music_disc_blocks\",\"Count\":1}","{\"id\":\"minecraft:music_disc_chirp\",\"Count\":1}","{\"id\":\"minecraft:music_disc_far\",\"Count\":1}","{\"id\":\"minecraft:music_disc_mall\",\"Count\":1}","{\"id\":\"minecraft:music_disc_mellohi\",\"Count\":1}"],"grade2":["{\"id\":\"minecraft:music_disc_stal\",\"Count\":1}","{\"id\":\"minecraft:music_disc_strad\",\"Count\":1}","{\"id\":\"minecraft:music_disc_ward\",\"Count\":1}","{\"id\":\"minecraft:music_disc_11\",\"Count\":1}","{\"id\":\"minecraft:music_disc_wait\",\"Count\":1}"],"grade3":["{\"id\":\"minecraft:music_disc_otherside\",\"Count\":1}","{\"id\":\"minecraft:music_disc_5\",\"Count\":1}","{\"id\":\"quark:music_disc_endermosh\",\"Count\":1}"],"grade4":["{\"id\":\"minecraft:music_disc_relic\",\"Count\":1}","{\"id\":\"minecraft:music_disc_pigstep\",\"Count\":1}"],"grade5":["{\"id\":\"quark:music_disc_chatter\",\"Count\":1}","{\"id\":\"quark:music_disc_crickets\",\"Count\":1}","{\"id\":\"quark:music_disc_clock\",\"Count\":1}","{\"id\":\"quark:music_disc_drips\",\"Count\":1}","{\"id\":\"quark:music_disc_fire\",\"Count\":1}","{\"id\":\"quark:music_disc_wind\",\"Count\":1}","{\"id\":\"quark:music_disc_rain\",\"Count\":1}","{\"id\":\"quark:music_disc_ocean\",\"Count\":1}","{\"id\":\"cataclysm:music_disc_the_harbinger\",\"Count\":1}","{\"id\":\"cataclysm:music_disc_the_leviathan\",\"Count\":1}","{\"id\":\"cataclysm:music_disc_ancient_remnant\",\"Count\":1}","{\"id\":\"cataclysm:music_disc_maledictus\",\"Count\":1}","{\"id\":\"cataclysm:music_disc_netherite_monstrosity\",\"Count\":1}","{\"id\":\"cataclysm:music_disc_ender_guardian\",\"Count\":1}","{\"id\":\"cataclysm:music_disc_ignis\",\"Count\":1}"]}