{"name":"Dragon Case","key":"csgobox:csgo_key1","drop":0,"random":[2,5,6,20,68],"entity":["minecraft:zombie"],"grade1":["{\"id\":\"iceandfire:dragonbone\",\"Count\":1}"],"grade2":["{\"id\":\"iceandfire:fire_dragon_blood\",\"Count\":1}","{\"id\":\"iceandfire:ice_dragon_blood\",\"Count\":1}","{\"id\":\"iceandfire:summoning_crystal_fire\",\"Count\":1}","{\"id\":\"iceandfire:summoning_crystal_ice\",\"Count\":1}"],"grade3":["{\"id\":\"iceandfire:lightning_dragon_blood\",\"Count\":1}","{\"id\":\"iceandfire:summoning_crystal_lightning\",\"Count\":1}"],"grade4":["{\"id\":\"dragonseeker:epic_dragonseeker\",\"Count\":1,\"tag\":{\"Damage\":0}}"],"grade5":["{\"id\":\"dragonseeker:legendary_dragonseeker\",\"Count\":1,\"tag\":{\"Damage\":0}}"]}