{"name":"Food Case","key":"csgobox:csgo_key0","drop":0.1,"random":[2,3,5,7,100],"entity":["minecraft:zombie","minecraft:skeleton","minecraft:creeper","minecraft:spider"],"grade1":["{\"id\":\"minecraft:poisonous_potato\",\"Count\":1}","{\"id\":\"minecraft:cooked_chicken\",\"Count\":1}","{\"id\":\"minecraft:cooked_porkchop\",\"Count\":1}","{\"id\":\"minecraft:pumpkin_pie\",\"Count\":1}","{\"id\":\"minecraft:baked_potato\",\"Count\":1}","{\"id\":\"farmersdelight:egg_sandwich\",\"Count\":1}","{\"id\":\"farmersdelight:cooked_salmon_slice\",\"Count\":1}"],"grade2":["{\"id\":\"farmersdelight:glow_berry_custard\",\"Count\":1}","{\"id\":\"farmersdelight:barbecue_stick\",\"Count\":1}","{\"id\":\"farmersdelight:stuffed_potato\",\"Count\":1}","{\"id\":\"farmersdelight:kelp_roll_slice\",\"Count\":2}","{\"id\":\"farmersdelight:hamburger\",\"Count\":1}"],"grade3":["{\"id\":\"ice_and_fire_delight:fire_dragon_taco\",\"Count\":1}","{\"id\":\"farmersdelight:pumpkin_soup\",\"Count\":1}","{\"id\":\"farmersdelight:beef_stew\",\"Count\":1}"],"grade4":["{\"id\":\"farmersdelight:roasted_mutton_chops\",\"Count\":1}","{\"id\":\"farmersdelight:steak_and_potatoes\",\"Count\":1}"],"grade5":["{\"id\":\"ice_and_fire_delight:lightning_dragon_hotdog\",\"Count\":1}","{\"id\":\"ice_and_fire_delight:lightning_sausage\",\"Count\":1}"]}
