{"name":"Hight Risk Case","key":"csgobox:csgo_key1","drop":0,"random":[2,4,5,10,30],"entity":["minecraft:zombie"],"grade1":["{\"id\":\"minecraft:iron_nugget\",\"Count\":26}","{\"id\":\"minecraft:nether_brick\",\"Count\":7}","{\"id\":\"minecraft:fire_charge\",\"Count\":1}","{\"id\":\"minecraft:bone\",\"Count\":2}","{\"id\":\"minecraft:quartz\",\"Count\":10}","{\"id\":\"minecraft:sand\",\"Count\":3}"],"grade2":["{\"id\":\"minecraft:golden_apple\",\"Count\":3}","{\"id\":\"mowziesmobs:wrought_helmet\",\"Count\":1}","{\"id\":\"csgobox:csgo_key0\",\"Count\":3}"],"grade3":["{\"id\":\"mowziesmobs:geomancer_beads\",\"Count\":1,\"tag\":{\"Damage\":0}}","{\"id\":\"mowziesmobs:sculptor_staff\",\"Count\":1,\"tag\":{\"Damage\":0}}","{\"id\":\"mowziesmobs:geomancer_belt\",\"Count\":1,\"tag\":{\"Damage\":0}}"],"grade4":["{\"id\":\"cataclysm:monstrous_horn\",\"Count\":1}","{\"id\":\"spartanfire:flamed_dragon_bone_katana\",\"Count\":1,\"tag\":{\"Damage\":0}}"],"grade5":["{\"id\":\"cataclysm:infernal_forge\",\"Count\":1,\"tag\":{\"Damage\":0}}","{\"id\":\"mowziesmobs:wrought_axe\",\"Count\":1}","{\"id\":\"minecraft:enchanted_golden_apple\",\"Count\":6}","{\"id\":\"spartanfire:ice_dragonsteel_warhammer\",\"Count\":1}"]}