{"name":"Marksman Case 3","key":"csgobox:csgo_key0","drop":0,"random":[2,5,6,13,30],"entity":["minecraft:zombie"],"grade1":["{\"id\":\"scguns:trenchur\",\"Count\":1,\"tag\":{\"GeckoLibID\":67,\"AmmoCount\":6,\"Damage\":0,\"IsDrawing\":1}}","{\"id\":\"scguns:m3_carabine\",\"Count\":1,\"tag\":{\"GeckoLibID\":46,\"AmmoCount\":18,\"Damage\":0}}","{\"id\":\"scguns:greaser_smg\",\"Count\":1,\"tag\":{\"GeckoLibID\":45,\"AmmoCount\":18,\"Damage\":0,\"IsDrawing\":1}}","{\"id\":\"scguns:iron_javelin\",\"Count\":1,\"tag\":{\"GeckoLibID\":49,\"AmmoCount\":9,\"Damage\":0,\"IsDrawing\":1}}","{\"id\":\"scguns:defender_pistol\",\"Count\":1,\"tag\":{\"GeckoLibID\":43,\"AmmoCount\":9,\"Damage\":0,\"IsDrawing\":1}}","{\"id\":\"scguns:venturi\",\"Count\":1,\"tag\":{\"GeckoLibID\":48,\"AmmoCount\":5,\"Damage\":0,\"IsDrawing\":1}}","{\"id\":\"scguns:pulsar\",\"Count\":1,\"tag\":{\"GeckoLibID\":53,\"AmmoCount\":4,\"Damage\":0,\"IsDrawing\":1}}"],"grade2":["{\"id\":\"scguns:iron_spear\",\"Count\":1,\"tag\":{\"GeckoLibID\":51,\"AmmoCount\":5,\"Damage\":0,\"IsDrawing\":1}}","{\"id\":\"scguns:combat_shotgun\",\"Count\":1,\"tag\":{\"GeckoLibID\":47,\"AmmoCount\":8,\"Damage\":0,\"IsDrawing\":1}}","{\"id\":\"scguns:crusader\",\"Count\":1,\"tag\":{\"GeckoLibID\":56,\"AmmoCount\":3,\"Damage\":0,\"IsDrawing\":1}}"],"grade3":["{\"id\":\"scguns:gyrojet_pistol\",\"Count\":1,\"tag\":{\"GeckoLibID\":54,\"AmmoCount\":6,\"Damage\":0,\"IsDrawing\":1}}","{\"id\":\"scguns:brawler\",\"Count\":1,\"tag\":{\"GeckoLibID\":55,\"AmmoCount\":1,\"Damage\":0,\"IsDrawing\":1}}"],"grade4":["{\"id\":\"scguns:rocket_rifle\",\"Count\":1,\"tag\":{\"GeckoLibID\":58,\"AmmoCount\":1,\"Damage\":0}}","{\"id\":\"scguns:auvtomag\",\"Count\":1,\"tag\":{\"GeckoLibID\":52,\"AmmoCount\":6,\"Damage\":0,\"IsDrawing\":1}}"],"grade5":["{\"id\":\"scguns:mk43_rifle\",\"Count\":1,\"tag\":{\"GeckoLibID\":57,\"AmmoCount\":8,\"Damage\":0,\"IsDrawing\":1}}"]}