{"name":"Marksman Case 2","key":"csgobox:csgo_key0","drop":0,"random":[2,5,6,13,30],"entity":["minecraft:zombie"],"grade1":["{\"id\":\"scguns:boomstick\",\"Count\":1,\"tag\":{\"GeckoLibID\":91,\"AmmoCount\":4,\"Damage\":0,\"IsDrawing\":1}}","{\"id\":\"scguns:rusty_gnat\",\"Count\":1,\"tag\":{\"GeckoLibID\":88,\"DrawnTick\":19,\"AmmoCount\":14,\"IsDrawn\":1,\"Damage\":0,\"IsDrawing\":1}}","{\"id\":\"scguns:arc_worker\",\"Count\":1,\"tag\":{\"GeckoLibID\":94,\"AmmoCount\":10,\"Damage\":0}}","{\"id\":\"scguns:scrapper\",\"Count\":1,\"tag\":{\"GeckoLibID\":87,\"MagazinePosition\":0.0,\"AmmoCount\":8,\"Damage\":0,\"IsDrawing\":1}}","{\"id\":\"scguns:llr_director\",\"Count\":1,\"tag\":{\"GeckoLibID\":93,\"AmmoCount\":7,\"Damage\":0,\"IsDrawing\":1}}","{\"id\":\"scguns:bruiser\",\"Count\":1,\"tag\":{\"GeckoLibID\":92,\"AmmoCount\":3,\"Damage\":0,\"IsDrawing\":1}}","{\"id\":\"scguns:makeshift_rifle\",\"Count\":1,\"tag\":{\"GeckoLibID\":90,\"AmmoCount\":15,\"Damage\":0,\"IsDrawing\":1}}"],"grade2":["{\"id\":\"scguns:boomstick\",\"Count\":1,\"tag\":{\"GeckoLibID\":91,\"AmmoCount\":4,\"Damage\":0,\"IsDrawing\":1}}","{\"id\":\"scguns:rusty_gnat\",\"Count\":1,\"tag\":{\"GeckoLibID\":88,\"DrawnTick\":19,\"AmmoCount\":14,\"IsDrawn\":1,\"Damage\":0,\"IsDrawing\":1}}","{\"id\":\"scguns:arc_worker\",\"Count\":1,\"tag\":{\"GeckoLibID\":94,\"AmmoCount\":10,\"Damage\":0}}","{\"id\":\"scguns:llr_director\",\"Count\":1,\"tag\":{\"GeckoLibID\":93,\"AmmoCount\":7,\"Damage\":0,\"IsDrawing\":1}}","{\"id\":\"scguns:makeshift_rifle\",\"Count\":1,\"tag\":{\"GeckoLibID\":90,\"AmmoCount\":15,\"Damage\":0,\"IsDrawing\":1}}"],"grade3":["{\"id\":\"scguns:boomstick\",\"Count\":1,\"tag\":{\"GeckoLibID\":91,\"AmmoCount\":4,\"Damage\":0,\"IsDrawing\":1}}","{\"id\":\"scguns:rusty_gnat\",\"Count\":1,\"tag\":{\"GeckoLibID\":88,\"DrawnTick\":19,\"AmmoCount\":14,\"IsDrawn\":1,\"Damage\":0,\"IsDrawing\":1}}","{\"id\":\"scguns:llr_director\",\"Count\":1,\"tag\":{\"GeckoLibID\":93,\"AmmoCount\":7,\"Damage\":0,\"IsDrawing\":1}}"],"grade4":["{\"id\":\"scguns:boomstick\",\"Count\":1,\"tag\":{\"GeckoLibID\":91,\"AmmoCount\":4,\"Damage\":0,\"IsDrawing\":1}}","{\"id\":\"scguns:rusty_gnat\",\"Count\":1,\"tag\":{\"GeckoLibID\":88,\"DrawnTick\":19,\"AmmoCount\":14,\"IsDrawn\":1,\"Damage\":0,\"IsDrawing\":1}}"],"grade5":["{\"id\":\"scguns:boomstick\",\"Count\":1,\"tag\":{\"GeckoLibID\":91,\"AmmoCount\":4,\"Damage\":0,\"IsDrawing\":1}}","{\"id\":\"scguns:rusty_gnat\",\"Count\":1,\"tag\":{\"GeckoLibID\":88,\"DrawnTick\":19,\"AmmoCount\":14,\"IsDrawn\":1,\"Damage\":0,\"IsDrawing\":1}}","{\"id\":\"scguns:arc_worker\",\"Count\":1,\"tag\":{\"GeckoLibID\":94,\"AmmoCount\":10,\"Damage\":0}}","{\"id\":\"scguns:llr_director\",\"Count\":1,\"tag\":{\"GeckoLibID\":93,\"AmmoCount\":7,\"Damage\":0,\"IsDrawing\":1}}","{\"id\":\"scguns:bruiser\",\"Count\":1,\"tag\":{\"GeckoLibID\":92,\"AmmoCount\":3,\"Damage\":0,\"IsDrawing\":1}}","{\"id\":\"scguns:makeshift_rifle\",\"Count\":1,\"tag\":{\"GeckoLibID\":90,\"AmmoCount\":15,\"Damage\":0,\"IsDrawing\":1}}"]}