{"name":"Marksman Case 1.5","key":"csgobox:csgo_key0","drop":0,"random":[2,5,6,13,30],"entity":["minecraft:zombie"],"grade1":["{\"id\":\"scguns:pax\",\"Count\":1,\"tag\":{\"GeckoLibID\":71,\"AmmoCount\":6,\"Damage\":0,\"IsDrawing\":1}}","{\"id\":\"scguns:winnie\",\"Count\":1,\"tag\":{\"GeckoLibID\":72,\"AmmoCount\":6,\"Damage\":0,\"IsDrawing\":1}}","{\"id\":\"scguns:callwell_conversion\",\"Count\":1,\"tag\":{\"GeckoLibID\":73,\"AmmoCount\":6,\"Damage\":0,\"IsDrawing\":1}}","{\"id\":\"scguns:callwell\",\"Count\":1,\"tag\":{\"GeckoLibID\":74,\"AmmoCount\":2,\"Damage\":0,\"IsDrawing\":1,\"Attachments\":{}}}","{\"id\":\"scguns:saketini\",\"Count\":1,\"tag\":{\"GeckoLibID\":75,\"AmmoCount\":1,\"Damage\":0,\"Attachments\":{},\"IsDrawing\":1}}"],"grade2":["{\"id\":\"scguns:pax\",\"Count\":1,\"tag\":{\"GeckoLibID\":71,\"AmmoCount\":6,\"Damage\":0,\"IsDrawing\":1}}","{\"id\":\"scguns:callwell\",\"Count\":1,\"tag\":{\"GeckoLibID\":74,\"AmmoCount\":2,\"Damage\":0,\"IsDrawing\":1,\"Attachments\":{}}}","{\"id\":\"scguns:saketini\",\"Count\":1,\"tag\":{\"GeckoLibID\":75,\"AmmoCount\":1,\"Damage\":0,\"Attachments\":{},\"IsDrawing\":1}}","{\"id\":\"scguns:winnie\",\"Count\":1,\"tag\":{\"GeckoLibID\":72,\"AmmoCount\":6,\"Damage\":0,\"IsDrawing\":1}}","{\"id\":\"scguns:callwell_conversion\",\"Count\":1,\"tag\":{\"GeckoLibID\":73,\"AmmoCount\":6,\"Damage\":0,\"IsDrawing\":1}}"],"grade3":["{\"id\":\"scguns:callwell_conversion\",\"Count\":1,\"tag\":{\"GeckoLibID\":73,\"AmmoCount\":6,\"Damage\":0,\"IsDrawing\":1}}","{\"id\":\"scguns:winnie\",\"Count\":1,\"tag\":{\"GeckoLibID\":72,\"AmmoCount\":6,\"Damage\":0,\"IsDrawing\":1}}","{\"id\":\"scguns:saketini\",\"Count\":1,\"tag\":{\"GeckoLibID\":75,\"AmmoCount\":1,\"Damage\":0,\"Attachments\":{},\"IsDrawing\":1}}"],"grade4":["{\"id\":\"scguns:winnie\",\"Count\":1,\"tag\":{\"GeckoLibID\":72,\"AmmoCount\":6,\"Damage\":0,\"IsDrawing\":1}}","{\"id\":\"scguns:callwell\",\"Count\":1,\"tag\":{\"GeckoLibID\":74,\"AmmoCount\":2,\"Damage\":0,\"IsDrawing\":1,\"Attachments\":{}}}"],"grade5":["{\"id\":\"scguns:saketini\",\"Count\":1,\"tag\":{\"GeckoLibID\":75,\"AmmoCount\":1,\"Damage\":0,\"Attachments\":{},\"IsDrawing\":1}}","{\"id\":\"scguns:callwell_conversion\",\"Count\":1,\"tag\":{\"GeckoLibID\":73,\"AmmoCount\":6,\"Damage\":0,\"IsDrawing\":1}}","{\"id\":\"scguns:callwell\",\"Count\":1,\"tag\":{\"GeckoLibID\":74,\"AmmoCount\":2,\"Damage\":0,\"IsDrawing\":1,\"Attachments\":{}}}"]}