{"name":"Marksman Case 4","key":"csgobox:csgo_key0","drop":0,"random":[2,5,6,13,30],"entity":["minecraft:zombie"],"grade1":["{\"id\":\"scguns:lockewood\",\"Count\":1,\"tag\":{\"GeckoLibID\":80,\"AmmoCount\":21,\"Damage\":0}}","{\"id\":\"scguns:prush_gun\",\"Count\":1,\"tag\":{\"GeckoLibID\":79,\"AmmoCount\":21,\"Damage\":0,\"IsDrawing\":1}}","{\"id\":\"scguns:valora\",\"Count\":1,\"tag\":{\"GeckoLibID\":77,\"AmmoCount\":17,\"Damage\":0,\"IsDrawing\":1}}","{\"id\":\"scguns:soul_drummer\",\"Count\":1,\"tag\":{\"GeckoLibID\":76,\"AmmoCount\":22,\"Damage\":0,\"Attachments\":{},\"IsDrawing\":1}}","{\"id\":\"scguns:krauser\",\"Count\":1,\"tag\":{\"GeckoLibID\":75,\"AmmoCount\":12,\"Damage\":0,\"IsDrawing\":1}}"],"grade2":["{\"id\":\"scguns:uppercut\",\"Count\":1,\"tag\":{\"GeckoLibID\":78,\"AmmoCount\":4,\"Damage\":0}}","{\"id\":\"scguns:mas_55\",\"Count\":1,\"tag\":{\"GeckoLibID\":82,\"AmmoCount\":8,\"Damage\":0}}"],"grade3":["{\"id\":\"scguns:inertial\",\"Count\":1,\"tag\":{\"GeckoLibID\":81,\"AmmoCount\":6,\"Damage\":0}}"],"grade4":["{\"id\":\"scguns:plasgun\",\"Count\":1,\"tag\":{\"GeckoLibID\":83,\"AmmoCount\":15,\"Damage\":0,\"IsDrawing\":1}}","{\"id\":\"scguns:cyclone\",\"Count\":1,\"tag\":{\"GeckoLibID\":85,\"AmmoCount\":18,\"Damage\":0,\"IsDrawing\":1}}"],"grade5":["{\"id\":\"scguns:shard_culler\",\"Count\":1,\"tag\":{\"GeckoLibID\":86,\"AmmoCount\":42,\"Damage\":0,\"IsDrawing\":1}}"]}