{"name":"Marksman Case 5","key":"csgobox:csgo_key0","drop":0,"random":[2,5,6,13,30],"entity":["minecraft:zombie"],"grade1":["{\"id\":\"scguns:grandle\",\"Count\":1,\"tag\":{\"GeckoLibID\":90,\"AmmoCount\":18,\"Damage\":0,\"IsDrawing\":1}}","{\"id\":\"scguns:gale\",\"Count\":1,\"tag\":{\"GeckoLibID\":92,\"AmmoCount\":8,\"Damage\":0}}","{\"id\":\"scguns:howler_conversion\",\"Count\":1,\"tag\":{\"GeckoLibID\":95,\"AmmoCount\":9,\"Damage\":0,\"IsDrawing\":1}}","{\"id\":\"scguns:m22_waltz\",\"Count\":1,\"tag\":{\"GeckoLibID\":87,\"AmmoCount\":8,\"Damage\":0,\"IsDrawing\":1}}","{\"id\":\"scguns:waltz_conversion\",\"Count\":1,\"tag\":{\"GeckoLibID\":88,\"AmmoCount\":12,\"Damage\":0,\"IsDrawing\":1}}","{\"id\":\"scguns:osgood_50\",\"Count\":1,\"tag\":{\"GeckoLibID\":89,\"AmmoCount\":6,\"Damage\":0,\"IsDrawing\":1}}","{\"id\":\"scguns:cr4k_mining_laser\",\"Count\":1,\"tag\":{\"GeckoLibID\":102,\"AmmoCount\":100,\"Damage\":0,\"IsDrawing\":1}}"],"grade2":["{\"id\":\"scguns:jackhammer\",\"Count\":1,\"tag\":{\"GeckoLibID\":93,\"AmmoCount\":12,\"Damage\":0,\"IsDrawing\":1}}","{\"id\":\"scguns:howler\",\"Count\":1,\"tag\":{\"GeckoLibID\":94,\"AmmoCount\":6,\"Damage\":0,\"IsDrawing\":1}}","{\"id\":\"scguns:gauss_rifle\",\"Count\":1,\"tag\":{\"GeckoLibID\":96,\"AmmoCount\":8,\"Damage\":0,\"IsDrawing\":1}}","{\"id\":\"scguns:niami\",\"Count\":1,\"tag\":{\"GeckoLibID\":97,\"AmmoCount\":7,\"Damage\":0,\"IsDrawing\":1}}","{\"id\":\"scguns:spitfire\",\"Count\":1,\"tag\":{\"GeckoLibID\":98,\"AmmoCount\":20,\"Damage\":0,\"IsDrawing\":1}}"],"grade3":["{\"id\":\"scguns:cogloader\",\"Count\":1,\"tag\":{\"GeckoLibID\":91,\"AmmoCount\":46,\"Damage\":0,\"Attachments\":{},\"IsDrawing\":1}}"],"grade4":["{\"id\":\"scguns:dozier_rl\",\"Count\":1,\"tag\":{\"GeckoLibID\":103,\"AmmoCount\":4,\"Damage\":0,\"IsDrawing\":1}}"],"grade5":["{\"id\":\"scguns:gattaler\",\"Count\":1,\"tag\":{\"GeckoLibID\":99,\"AmmoCount\":90,\"Damage\":0,\"IsDrawing\":1}}","{\"id\":\"scguns:thunderhead\",\"Count\":1,\"tag\":{\"GeckoLibID\":100,\"AmmoCount\":25,\"Damage\":0,\"IsDrawing\":1}}","{\"id\":\"scguns:scratches\",\"Count\":1,\"tag\":{\"GeckoLibID\":101,\"AmmoCount\":24,\"Damage\":0,\"IsDrawing\":1}}"]}