{"name":"Marksman Case 6","key":"csgobox:csgo_key0","drop":0,"random":[2,5,6,13,30],"entity":["minecraft:zombie"],"grade1":["{\"id\":\"scguns:prima_materia\",\"Count\":1,\"tag\":{\"GeckoLibID\":119,\"AmmoCount\":14,\"Damage\":0,\"IsDrawing\":1}}","{\"id\":\"scguns:newborn_cyst\",\"Count\":1,\"tag\":{\"GeckoLibID\":122,\"AmmoCount\":6,\"Damage\":0,\"IsDrawing\":1}}","{\"id\":\"scguns:flayed_god\",\"Count\":1,\"tag\":{\"GeckoLibID\":124,\"AmmoCount\":55,\"Damage\":0,\"IsDrawing\":1}}"],"grade2":["{\"id\":\"scguns:earths_corpse\",\"Count\":1,\"tag\":{\"GeckoLibID\":123,\"AmmoCount\":75,\"Damage\":0,\"IsDrawing\":1}}","{\"id\":\"scguns:nervepinch\",\"Count\":1,\"tag\":{\"GeckoLibID\":125,\"AmmoCount\":8,\"Damage\":0,\"IsDrawing\":1}}"],"grade3":["{\"id\":\"scguns:astella\",\"Count\":1,\"tag\":{\"GeckoLibID\":126,\"AmmoCount\":7,\"Damage\":0,\"IsDrawing\":1}}"],"grade4":["{\"id\":\"scguns:rat_king_and_queen\",\"Count\":1,\"tag\":{\"GeckoLibID\":120,\"AmmoCount\":18,\"Damage\":0}}"],"grade5":["{\"id\":\"scguns:locust\",\"Count\":1,\"tag\":{\"GeckoLibID\":121,\"AmmoCount\":28,\"Damage\":0}}"]}