{"name":"Minecraft plush case","key":"csgobox:csgo_key0","drop":0,"random":[2,3,5,10,100],"entity":["minecraft:zombie"],"grade1":["{\"id\":\"a_man_with_plushies:steve_plush\",\"Count\":1}","{\"id\":\"a_man_with_plushies:creeper_plush\",\"Count\":1}","{\"id\":\"a_man_with_plushies:pufferfish_plush\",\"Count\":1}","{\"id\":\"a_man_with_plushies:squid_plush\",\"Count\":1}"],"grade2":["{\"id\":\"a_man_with_plushies:shulker_plush\",\"Count\":1}","{\"id\":\"a_man_with_plushies:enderman_plush\",\"Count\":1}","{\"id\":\"a_man_with_plushies:allay_plush\",\"Count\":1}"],"grade3":["{\"id\":\"a_man_with_plushies:pig_plush\",\"Count\":1}","{\"id\":\"a_man_with_plushies:white_sheep_plush\",\"Count\":1}","{\"id\":\"a_man_with_plushies:chicken_plush\",\"Count\":1}"],"grade4":["{\"id\":\"a_man_with_plushies:cow_plush\",\"Count\":1}"],"grade5":["{\"id\":\"a_man_with_plushies:ghast_plush\",\"Count\":1}"]}