{"name":"Mob Loot Case","key":"csgobox:csgo_key0","drop":0.1,"random":[2,5,6,20,300],"entity":["minecraft:zombie","minecraft:skeleton","minecraft:spider","minecraft:creeper"],"grade1":["{\"id\":\"minecraft:rotten_flesh\",\"Count\":1}","{\"id\":\"minecraft:spider_eye\",\"Count\":1}","{\"id\":\"minecraft:bone\",\"Count\":1}","{\"id\":\"minecraft:string\",\"Count\":1}","{\"id\":\"spartanweaponry:weapon_oil\",\"Count\":1,\"tag\":{\"Oil\":{\"Effect\":\"spartanweaponry:undead\"}}}","{\"id\":\"spartanweaponry:weapon_oil\",\"Count\":1,\"tag\":{\"Oil\":{\"Effect\":\"spartanweaponry:arthropod\"}}}","{\"id\":\"spartanweaponry:weapon_oil\",\"Count\":1,\"tag\":{\"Oil\":{\"Effect\":\"spartanweaponry:creeper\"}}}"],"grade2":["{\"id\":\"spartanweaponry:weapon_oil\",\"Count\":1,\"tag\":{\"Oil\":{\"Effect\":\"spartanweaponry:cryotic\"}}}","{\"id\":\"spartanweaponry:weapon_oil\",\"Count\":1,\"tag\":{\"Oil\":{\"Effect\":\"spartanweaponry:necrotic\"}}}","{\"id\":\"minecraft:gold_ingot\",\"Count\":1}","{\"id\":\"minecraft:amethyst_shard\",\"Count\":1}","{\"id\":\"minecraft:iron_ingot\",\"Count\":1}"],"grade3":["{\"id\":\"minecraft:emerald\",\"Count\":1}","{\"id\":\"quark:slime_in_a_bucket\",\"Count\":1}"],"grade4":["{\"id\":\"minecraft:trident\",\"Count\":1,\"tag\":{\"Damage\":0}}"],"grade5":["{\"id\":\"minecraft:diamond\",\"Count\":4}","{\"id\":\"spartanfire:fire_dragonsteel_battleaxe\",\"Count\":1,\"tag\":{\"Damage\":0}}"]}