{"name":"Mythic MOUNTS Case","key":"csgobox:csgo_key0","drop":0,"random":[2,5,6,20,67],"entity":["minecraft:zombie"],"grade1":["{\"id\":\"mythicmounts:nudibranch_spawn_egg\",\"Count\":1}","{\"id\":\"mythicmounts:courierbird_spawn_egg\",\"Count\":1}","{\"id\":\"mythicmounts:acencia_spawn_egg\",\"Count\":1}","{\"id\":\"mythicmounts:ridinglizard_spawn_egg\",\"Count\":1}","{\"id\":\"mythicmounts:geckotoalizard_spawn_egg\",\"Count\":1}"],"grade2":["{\"id\":\"mythicmounts:direwolf_spawn_egg\",\"Count\":1}","{\"id\":\"mythicmounts:nightmare_spawn_egg\",\"Count\":1}","{\"id\":\"mythicmounts:archelon_spawn_egg\",\"Count\":1}"],"grade3":["{\"id\":\"mythicmounts:moth_spawn_egg\",\"Count\":1}","{\"id\":\"mythicmounts:colelytra_spawn_egg\",\"Count\":1}"],"grade4":["{\"id\":\"mythicmounts:netherbat_spawn_egg\",\"Count\":1}"],"grade5":["{\"id\":\"mythicmounts:griffon_spawn_egg\",\"Count\":1}","{\"id\":\"mythicmounts:dragon_spawn_egg\",\"Count\":1}","{\"id\":\"mythicmounts:firebird_spawn_egg\",\"Count\":1}"]}