{"name":"Nether Case","key":"csgobox:csgo_key0","drop":0.1,"random":[2,5,6,20,250],"entity":["minecraft:zombie_pigman"],"grade1":["{\"id\":\"minecraft:gold_nugget\",\"Count\":48}","{\"id\":\"minecraft:gold_ingot\",\"Count\":7}","{\"id\":\"minecraft:magma_cream\",\"Count\":1}","{\"id\":\"minecraft:blaze_powder\",\"Count\":1}","{\"id\":\"minecraft:gunpowder\",\"Count\":7}","{\"id\":\"minecraft:nether_wart\",\"Count\":6}","{\"id\":\"minecraft:iron_ingot\",\"Count\":10}"],"grade2":["{\"id\":\"minecraft:gold_block\",\"Count\":1}","{\"id\":\"minecraft:netherite_scrap\",\"Count\":1}","{\"id\":\"minecraft:ancient_debris\",\"Count\":1}"],"grade3":["{\"id\":\"gateways:gate_pearl\",\"Count\":1,\"tag\":{\"gateway\":\"gateways:alexs_hell\"}}","{\"id\":\"gateways:gate_pearl\",\"Count\":1,\"tag\":{\"gateway\":\"gateways:hellish_fortress\"}}"],"grade4":["{\"id\":\"minecraft:netherite_upgrade_smithing_template\",\"Count\":1}","{\"id\":\"minecraft:netherite_ingot\",\"Count\":1}"],"grade5":["{\"id\":\"spartanfire:fire_dragonsteel_glaive\",\"Count\":1,\"tag\":{\"Damage\":0}}","{\"id\":\"spartanfire:fire_dragonsteel_scythe\",\"Count\":1,\"tag\":{\"Damage\":0}}","{\"id\":\"spartanfire:fire_dragonsteel_longsword\",\"Count\":1,\"tag\":{\"Damage\":0}}"]}