{"name":"Paladin Angel Case","key":"csgobox:csgo_key0","drop":0,"random":[2,5,6,20,67],"entity":["minecraft:zombie"],"grade1":["{\"id\":\"spartanweaponry:diamond_battle_hammer\",\"Count\":1,\"tag\":{\"affix_data\":{\"sockets\":1},\"Damage\":0}}","{\"id\":\"spartanweaponry:netherite_battle_hammer\",\"Count\":1,\"tag\":{\"affix_data\":{\"sockets\":1},\"Damage\":0}}","{\"id\":\"spartanfire:dragon_bone_battle_hammer\",\"Count\":1,\"tag\":{\"affix_data\":{\"sockets\":1},\"Damage\":0}}","{\"id\":\"ec_isasb_plugin:priest_gauntlet\",\"Count\":1,\"tag\":{\"Damage\":0}}","{\"id\":\"irons_spellbooks:scroll\",\"Count\":1,\"tag\":{\"ISB_Spells\":{\"maxSpells\":1,\"mustEquip\":0,\"data\":[{\"index\":0,\"id\":\"irons_spellbooks:cleanse\",\"locked\":1,\"level\":1}],\"spellWheel\":0}}}"],"grade2":["{\"id\":\"l2weaponry:sculkium_hammer\",\"Count\":1,\"tag\":{\"affix_data\":{\"sockets\":1},\"Damage\":0,\"Enchantments\":[{\"lvl\":1,\"id\":\"l2complements:cubic_digging\"}]}}","{\"id\":\"irons_spellbooks:scroll\",\"Count\":1,\"tag\":{\"ISB_Spells\":{\"maxSpells\":1,\"mustEquip\":0,\"data\":[{\"index\":0,\"id\":\"irons_spellbooks:fortify\",\"locked\":1,\"level\":7}],\"spellWheel\":0}}}","{\"id\":\"irons_spellbooks:scroll\",\"Count\":1,\"tag\":{\"ISB_Spells\":{\"maxSpells\":1,\"mustEquip\":0,\"data\":[{\"index\":0,\"id\":\"irons_spellbooks:angel_wing\",\"locked\":1,\"level\":4}],\"spellWheel\":0}}}"],"grade3":["{\"id\":\"spartanfire:flamed_dragon_bone_battle_hammer\",\"Count\":1,\"tag\":{\"affix_data\":{\"sockets\":1},\"Damage\":0}}","{\"id\":\"spartanfire:iced_dragon_bone_battle_hammer\",\"Count\":1,\"tag\":{\"affix_data\":{\"sockets\":1},\"Damage\":0}}","{\"id\":\"irons_spellbooks:scroll\",\"Count\":1,\"tag\":{\"ISB_Spells\":{\"maxSpells\":1,\"mustEquip\":0,\"data\":[{\"index\":0,\"id\":\"irons_spellbooks:healing_circle\",\"locked\":1,\"level\":9}],\"spellWheel\":0}}}"],"grade4":["{\"id\":\"spartanfire:lightning_dragon_bone_battle_hammer\",\"Count\":1,\"tag\":{\"affix_data\":{\"sockets\":1},\"Damage\":0}}"],"grade5":["{\"id\":\"traveloptics:scourge_of_the_sands\",\"Count\":1,\"tag\":{\"affix_data\":{\"sockets\":1},\"ISB_Spells\":{\"maxSpells\":1,\"mustEquip\":0,\"data\":[{\"index\":0,\"id\":\"traveloptics:stele_cascade\",\"locked\":1,\"level\":6}],\"spellWheel\":1}}}"]}