{"name":"Plush Case 3","key":"csgobox:csgo_key1","drop":0,"random":[2,5,6,20,625],"entity":["minecraft:zombie"],"grade1":["{\"id\":\"a_man_with_plushies:sackboy_plush\",\"Count\":1}","{\"id\":\"a_man_with_plushies:wilson_plush\",\"Count\":1}","{\"id\":\"a_man_with_plushies:isaac_plush\",\"Count\":1}","{\"id\":\"a_man_with_plushies:red_spycrab_plush\",\"Count\":1}","{\"id\":\"a_man_with_plushies:bendy_plush\",\"Count\":1}","{\"id\":\"a_man_with_plushies:steppa_plush\",\"Count\":1}","{\"id\":\"a_man_with_plushies:odd_tree\",\"Count\":1}"],"grade2":["{\"id\":\"a_man_with_plushies:spamton_plush\",\"Count\":1}","{\"id\":\"a_man_with_plushies:the_knight_plush\",\"Count\":1}","{\"id\":\"a_man_with_plushies:baldi_plush\",\"Count\":1}","{\"id\":\"a_man_with_plushies:insomni_plush\",\"Count\":1}","{\"id\":\"a_man_with_plushies:sudowoodo_plush\",\"Count\":1}"],"grade3":["{\"id\":\"a_man_with_plushies:companion_block_plushie\",\"Count\":1}","{\"id\":\"a_man_with_plushies:candy_plush\",\"Count\":1}","{\"id\":\"a_man_with_plushies:glados_plush\",\"Count\":1}"],"grade4":["{\"id\":\"a_man_with_plushies:wheatley_plush\",\"Count\":1}","{\"id\":\"a_man_with_plushies:audino_plush\",\"Count\":1}"],"grade5":["{\"id\":\"a_man_with_plushies:v_1_plush\",\"Count\":1}","{\"id\":\"a_man_with_plushies:wobblewok_plush\",\"Count\":1}","{\"id\":\"a_man_with_plushies:vault_boy_plush\",\"Count\":1}","{\"id\":\"a_man_with_plushies:monika_plush\",\"Count\":1}","{\"id\":\"a_man_with_plushies:blue_royale_king_plush\",\"Count\":1}","{\"id\":\"a_man_with_plushies:coil_head_plush\",\"Count\":1}","{\"id\":\"a_man_with_plushies:the_lamb_red_cape_plush\",\"Count\":1}","{\"id\":\"a_man_with_plushies:animdude_plush\",\"Count\":1}","{\"id\":\"a_man_with_plushies:guff_plush\",\"Count\":1}","{\"id\":\"a_man_with_plushies:crabster_plush\",\"Count\":1}"]}