{"name":"Potion Case","key":"csgobox:csgo_key0","drop":0,"random":[2,3,4,6,20],"entity":["minecraft:zombie"],"grade1":["{\"id\":\"minecraft:potion\",\"Count\":1,\"tag\":{\"Potion\":\"minecraft:long_water_breathing\"}}","{\"id\":\"minecraft:splash_potion\",\"Count\":1,\"tag\":{\"Potion\":\"minecraft:long_night_vision\"}}","{\"id\":\"minecraft:splash_potion\",\"Count\":1,\"tag\":{\"Potion\":\"minecraft:strong_leaping\"}}"],"grade2":["{\"id\":\"minecraft:splash_potion\",\"Count\":1,\"tag\":{\"Potion\":\"minecraft:long_regeneration\"}}","{\"id\":\"minecraft:splash_potion\",\"Count\":1,\"tag\":{\"Potion\":\"minecraft:swiftness\"}}"],"grade3":["{\"id\":\"minecraft:splash_potion\",\"Count\":1,\"tag\":{\"Potion\":\"goblintraders:haste\"}}"],"grade4":["{\"id\":\"minecraft:splash_potion\",\"Count\":1,\"tag\":{\"Potion\":\"minecraft:strong_strength\"}}"],"grade5":["{\"id\":\"minecraft:lingering_potion\",\"Count\":1,\"tag\":{\"Potion\":\"minecraft:strong_healing\"}}"]}