{"name":"Random Magic Book Case","key":"csgobox:csgo_key0","drop":0,"random":[9999,4,3,2,1],"entity":["minecraft:zombie"],"grade1":["{\"id\":\"libraryferret:gold_coins_jtl\",\"Count\":1}"],"grade2":["{\"id\":\"libraryferret:emerald_coins_jtl\",\"Count\":1}"],"grade3":["{\"id\":\"libraryferret:diamond_coins_jtl\",\"Count\":1}"],"grade4":["{\"id\":\"libraryferret:netherite_coins_jtl\",\"Count\":1}"],"grade5":["{\"id\":\"irons_spellbooks:copper_spell_book\",\"Count\":1,\"tag\":{\"ISB_Spells\":{\"maxSpells\":5,\"mustEquip\":1,\"data\":[{\"index\":0,\"id\":\"traveloptics:tidal_grasp\",\"locked\":0,\"level\":1},{\"index\":1,\"id\":\"traveloptics:bubble_spray\",\"locked\":0,\"level\":1},{\"index\":2,\"id\":\"traveloptics:hydroshot\",\"locked\":0,\"level\":1}],\"spellWheel\":1},\"RepairCost\":0,\"display\":{\"Name\":\"{\\\"text\\\":\\\"𐌀𐌒𐌵𐌀 𐌌𐌀Ᏽ𐌉𐌂 𐌁ꝊꝊ𐌊\\\"}\"}}}","{\"id\":\"irons_spellbooks:copper_spell_book\",\"Count\":1,\"tag\":{\"ISB_Spells\":{\"maxSpells\":5,\"mustEquip\":1,\"data\":[{\"index\":1,\"id\":\"traveloptics:cursed_revenants\",\"locked\":0,\"level\":1},{\"index\":2,\"id\":\"irons_spellbooks:cone_of_cold\",\"locked\":0,\"level\":1},{\"index\":3,\"id\":\"irons_spellbooks:icicle\",\"locked\":0,\"level\":1}],\"spellWheel\":1},\"RepairCost\":0,\"display\":{\"Name\":\"{\\\"text\\\":\\\"𐌉𐌂𐌄 𐌌𐌀Ᏽ𐌉𐌂 𐌁ꝊꝊ𐌊\\\"}\"}}}","{\"id\":\"irons_spellbooks:copper_spell_book\",\"Count\":1,\"tag\":{\"ISB_Spells\":{\"maxSpells\":5,\"mustEquip\":1,\"data\":[{\"index\":0,\"id\":\"irons_spellbooks:fireball\",\"locked\":0,\"level\":1},{\"index\":1,\"id\":\"irons_spellbooks:fire_breath\",\"locked\":0,\"level\":1},{\"index\":2,\"id\":\"irons_spellbooks:blaze_storm\",\"locked\":0,\"level\":1}],\"spellWheel\":1},\"RepairCost\":0,\"display\":{\"Name\":\"{\\\"text\\\":\\\"꧁༒☬ Fire Magic Book ☬༒꧂\\\"}\"}}}","{\"id\":\"irons_spellbooks:copper_spell_book\",\"Count\":1,\"tag\":{\"ISB_Spells\":{\"maxSpells\":5,\"mustEquip\":1,\"data\":[{\"index\":0,\"id\":\"irons_spellbooks:healing_circle\",\"locked\":0,\"level\":1},{\"index\":1,\"id\":\"irons_spellbooks:divine_smite\",\"locked\":0,\"level\":1},{\"index\":2,\"id\":\"irons_spellbooks:blessing_of_life\",\"locked\":0,\"level\":1}],\"spellWheel\":1},\"RepairCost\":0,\"display\":{\"Name\":\"{\\\"text\\\":\\\"𝓟𝓪𝓵𝓪𝓭𝓲𝓷'𝓼 𝓜𝓪𝓰𝓲𝓬 𝓑𝓸𝓸𝓴\\\"}\"}}}","{\"id\":\"irons_spellbooks:copper_spell_book\",\"Count\":1,\"tag\":{\"ISB_Spells\":{\"maxSpells\":5,\"mustEquip\":1,\"data\":[{\"index\":0,\"id\":\"irons_spellbooks:electrocute\",\"locked\":0,\"level\":1},{\"index\":1,\"id\":\"irons_spellbooks:shockwave\",\"locked\":0,\"level\":1},{\"index\":2,\"id\":\"irons_spellbooks:ball_lightning\",\"locked\":0,\"level\":1}],\"spellWheel\":1},\"RepairCost\":0,\"display\":{\"Name\":\"{\\\"text\\\":\\\"𐌕𐋅𐌵𐌍𐌃𐌄𐌓 𐌌𐌀Ᏽ𐌉𐌂 𐌁ꝊꝊ𐌊\\\"}\"}}}","{\"id\":\"irons_spellbooks:copper_spell_book\",\"Count\":1,\"tag\":{\"ISB_Spells\":{\"maxSpells\":5,\"mustEquip\":1,\"data\":[{\"index\":0,\"id\":\"irons_spellbooks:chain_creeper\",\"locked\":0,\"level\":1},{\"index\":1,\"id\":\"irons_spellbooks:fang_strike\",\"locked\":0,\"level\":1},{\"index\":2,\"id\":\"traveloptics:ashen_breath\",\"locked\":0,\"level\":1}],\"spellWheel\":1},\"RepairCost\":0,\"display\":{\"Name\":\"{\\\"text\\\":\\\"𝓥𝓲𝓷𝓭𝓲𝓬𝓪𝓽𝓸𝓻'𝓼 𝓜𝓪𝓰𝓲𝓬 𝓑𝓸𝓸𝓴\\\"}\"}}}","{\"id\":\"irons_spellbooks:copper_spell_book\",\"Count\":1,\"tag\":{\"ISB_Spells\":{\"maxSpells\":5,\"mustEquip\":1,\"data\":[{\"index\":0,\"id\":\"irons_spellbooks:starfall\",\"locked\":0,\"level\":1},{\"index\":1,\"id\":\"irons_spellbooks:magic_missile\",\"locked\":0,\"level\":1},{\"index\":2,\"id\":\"irons_spellbooks:dragon_breath\",\"locked\":0,\"level\":1}],\"spellWheel\":1},\"RepairCost\":0,\"display\":{\"Name\":\"{\\\"text\\\":\\\"ᐯᗝᎥᗪ ᗰᗩǤᎥᑕ ᗷᗝᗝᛕ\\\"}\"}}}","{\"id\":\"irons_spellbooks:copper_spell_book\",\"Count\":1,\"tag\":{\"ISB_Spells\":{\"maxSpells\":5,\"mustEquip\":1,\"data\":[{\"index\":0,\"id\":\"traveloptics:blood_howl\",\"locked\":0,\"level\":1},{\"index\":1,\"id\":\"irons_spellbooks:raise_dead\",\"locked\":0,\"level\":1},{\"index\":2,\"id\":\"irons_spellbooks:blood_needles\",\"locked\":0,\"level\":1}],\"spellWheel\":1},\"RepairCost\":0,\"display\":{\"Name\":\"{\\\"text\\\":\\\"𝔅𝔩𝔬𝔬𝔡 𝔐𝔞𝔤𝔦𝔠 𝔅𝔬𝔬𝔨\\\"}\"}}}"]}