{"name":"Random Loot case 1","key":"csgobox:csgo_key0","drop":0.001,"random":[2,5,6,10,50],"entity":["minecraft:zombie"],"grade1":["{\"id\":\"minecraft:cooked_beef\",\"Count\":6}","{\"id\":\"minecraft:iron_ingot\",\"Count\":9}","{\"id\":\"minecraft:gold_ingot\",\"Count\":3}","{\"id\":\"waystones:waystone\",\"Count\":1}"],"grade2":["{\"id\":\"samurai_dynasty:tetsubo\",\"Count\":1,\"tag\":{\"Damage\":0}}","{\"id\":\"minecraft:golden_apple\",\"Count\":3}","{\"id\":\"spartanshields:iron_tower_shield\",\"Count\":1,\"tag\":{\"Damage\":0}}","{\"id\":\"waystones:bound_scroll\",\"Count\":1}"],"grade3":["{\"id\":\"minecraft:diamond_pickaxe\",\"Count\":1,\"tag\":{\"Damage\":0}}","{\"id\":\"spartanweaponry:tipped_iron_arrow\",\"Count\":32,\"tag\":{\"Potion\":\"minecraft:strong_harming\"}}"],"grade4":["{\"id\":\"ironchest:trapped_diamond_chest\",\"Count\":2}"],"grade5":["{\"id\":\"endrem:evil_eye\",\"Count\":1,\"tag\":{\"Damage\":0}}"]}