{"name":"Reward Case","key":"csgobox:csgo_key0","drop":0.01,"random":[2,5,6,20,625],"entity":["minecraft:skeleton","minecraft:creeper","minecraft:spider"],"grade1":["{\"id\":\"coins_and_randoms_loot:iron_loot_coin\",\"Count\":3}","{\"id\":\"minecraft:golden_apple\",\"Count\":1}","{\"id\":\"minecraft:diamond\",\"Count\":1}","{\"id\":\"minecraft:emerald\",\"Count\":1}","{\"id\":\"coins_and_randoms_loot:gold_loot_coin\",\"Count\":1}"],"grade2":["{\"id\":\"minecraft:diamond\",\"Count\":9}","{\"id\":\"minecraft:emerald\",\"Count\":18}","{\"id\":\"coins_and_randoms_loot:iron_loot_coin\",\"Count\":18}","{\"id\":\"coins_and_randoms_loot:gold_loot_coin\",\"Count\":9}","{\"id\":\"coins_and_randoms_loot:emerald_loot_coin\",\"Count\":6}"],"grade3":["{\"id\":\"minecraft:netherite_ingot\",\"Count\":2}","{\"id\":\"minecraft:enchanted_golden_apple\",\"Count\":1}","{\"id\":\"coins_and_randoms_loot:emerald_loot_coin\",\"Count\":16}"],"grade4":["{\"id\":\"minecraft:amethyst_shard\",\"Count\":32}","{\"id\":\"coins_and_randoms_loot:diamond_loot_coin\",\"Count\":4}"],"grade5":["{\"id\":\"minecraft:enchanted_golden_apple\",\"Count\":8}","{\"id\":\"coins_and_randoms_loot:gold_loot_coin\",\"Count\":48}","{\"id\":\"coins_and_randoms_loot:iron_loot_coin\",\"Count\":64}","{\"id\":\"coins_and_randoms_loot:diamond_loot_coin\",\"Count\":8}","{\"id\":\"coins_and_randoms_loot:emerald_loot_coin\",\"Count\":32}","{\"id\":\"coins_and_randoms_loot:netherium_loot_coin\",\"Count\":2}","{\"id\":\"minecraft:netherite_ingot\",\"Count\":16}","{\"id\":\"minecraft:diamond\",\"Count\":48}","{\"id\":\"minecraft:emerald\",\"Count\":32}"]}