{"name":"Ring case","key":"csgobox:csgo_key1","drop":0,"random":[1,5,6,20,150],"entity":["minecraft:zombie"],"grade1":["{\"id\":\"irons_spellbooks:emerald_stoneplate_ring\",\"Count\":1,\"tag\":{\"affix_data\":{\"sockets\":1}}}","{\"id\":\"dungeons_and_combat:ring_of_life\",\"Count\":1,\"tag\":{\"affix_data\":{\"sockets\":1}}}","{\"id\":\"irons_spellbooks:mana_ring\",\"Count\":1,\"tag\":{\"affix_data\":{\"sockets\":1}}}","{\"id\":\"irons_spellbooks:cast_time_ring\",\"Count\":1,\"tag\":{\"affix_data\":{\"sockets\":1}}}","{\"id\":\"irons_spellbooks:cooldown_ring\",\"Count\":1,\"tag\":{\"affix_data\":{\"sockets\":1}}}","{\"id\":\"dungeons_and_combat:ring_of_the_eternal_resting\",\"Count\":1,\"tag\":{\"affix_data\":{\"sockets\":1}}}","{\"id\":\"dungeons_and_combat:molten_ring\",\"Count\":1,\"tag\":{\"affix_data\":{\"sockets\":1}}}"],"grade2":["{\"id\":\"dungeons_and_combat:hell_ring\",\"Count\":1,\"tag\":{\"affix_data\":{\"sockets\":1}}}","{\"id\":\"realmrpg_quests:ring_of_wind_lesser\",\"Count\":1,\"tag\":{\"affix_data\":{\"sockets\":1}}}","{\"id\":\"irons_spellbooks:poisonward_ring\",\"Count\":1,\"tag\":{\"affix_data\":{\"sockets\":1}}}","{\"id\":\"l2hostility:ring_of_ocean\",\"Count\":1,\"tag\":{\"affix_data\":{\"sockets\":1}}}","{\"id\":\"l2hostility:ring_of_corrosion\",\"Count\":1,\"tag\":{\"affix_data\":{\"sockets\":1}}}"],"grade3":["{\"id\":\"l2hostility:ring_of_life\",\"Count\":1,\"tag\":{\"affix_data\":{\"sockets\":1}}}","{\"id\":\"l2hostility:ring_of_divinity\",\"Count\":1,\"tag\":{\"affix_data\":{\"sockets\":1}}}","{\"id\":\"l2hostility:ring_of_incarceration\",\"Count\":1,\"tag\":{\"affix_data\":{\"sockets\":1}}}"],"grade4":["{\"id\":\"l2hostility:ring_of_reflection\",\"Count\":1,\"tag\":{\"affix_data\":{\"sockets\":1}}}","{\"id\":\"l2hostility:ring_of_healing\",\"Count\":1,\"tag\":{\"affix_data\":{\"sockets\":1}}}"],"grade5":["{\"id\":\"l2hostility:infinity_glove\",\"Count\":1}"]}