{"name":"Samouraî case","key":"csgobox:csgo_key0","drop":0,"random":[2,3,5,10,75],"entity":["minecraft:zombie"],"grade1":["{\"id\":\"samurai_dynasty:iron_samurai_helmet_master\",\"Count\":1,\"tag\":{\"Damage\":0}}","{\"id\":\"samurai_dynasty:iron_samurai_chestplate_master\",\"Count\":1,\"tag\":{\"Damage\":0}}","{\"id\":\"samurai_dynasty:iron_samurai_leggings_master\",\"Count\":1,\"tag\":{\"Damage\":0}}","{\"id\":\"samurai_dynasty:iron_samurai_boots_master\",\"Count\":1,\"tag\":{\"Damage\":0}}"],"grade2":["{\"id\":\"samurai_dynasty:gold_samurai_helmet\",\"Count\":1,\"tag\":{\"Damage\":0}}","{\"id\":\"samurai_dynasty:gold_samurai_chestplate\",\"Count\":1,\"tag\":{\"Damage\":0}}","{\"id\":\"samurai_dynasty:gold_samurai_leggings\",\"Count\":1,\"tag\":{\"Damage\":0}}","{\"id\":\"samurai_dynasty:gold_samurai_boots\",\"Count\":1,\"tag\":{\"Damage\":0}}"],"grade3":["{\"id\":\"samurai_dynasty:iron_samurai_helmet\",\"Count\":1,\"tag\":{\"Damage\":0}}","{\"id\":\"samurai_dynasty:iron_samurai_chestplate_light\",\"Count\":1,\"tag\":{\"Damage\":0}}","{\"id\":\"samurai_dynasty:iron_samurai_leggings\",\"Count\":1,\"tag\":{\"Damage\":0}}"],"grade4":["{\"id\":\"samurai_dynasty:diamond_samurai_helmet\",\"Count\":1,\"tag\":{\"Damage\":0}}","{\"id\":\"samurai_dynasty:diamond_samurai_chestplate\",\"Count\":1,\"tag\":{\"Damage\":0}}"],"grade5":["{\"id\":\"samurai_dynasty:netherite_samurai_helmet\",\"Count\":1,\"tag\":{\"Damage\":0}}","{\"id\":\"samurai_dynasty:netherite_samurai_chestplate\",\"Count\":1,\"tag\":{\"Damage\":0}}","{\"id\":\"samurai_dynasty:netherite_samurai_leggings\",\"Count\":1,\"tag\":{\"Damage\":0}}","{\"id\":\"samurai_dynasty:netherite_samurai_boots\",\"Count\":1,\"tag\":{\"Damage\":0}}","{\"id\":\"samurai_dynasty:netherite_samurai_helmet_master\",\"Count\":1,\"tag\":{\"Damage\":0}}","{\"id\":\"samurai_dynasty:netherite_samurai_chestplate_master\",\"Count\":1,\"tag\":{\"Damage\":0}}","{\"id\":\"samurai_dynasty:netherite_samurai_leggings_master\",\"Count\":1,\"tag\":{\"Damage\":0}}","{\"id\":\"samurai_dynasty:netherite_samurai_boots_master\",\"Count\":1,\"tag\":{\"Damage\":0}}","{\"id\":\"samurai_dynasty:amethyst_samurai_helmet\",\"Count\":1,\"tag\":{\"Damage\":0}}","{\"id\":\"samurai_dynasty:amethyst_samurai_chestplate\",\"Count\":1,\"tag\":{\"Damage\":0}}","{\"id\":\"samurai_dynasty:amethyst_samurai_leggings\",\"Count\":1,\"tag\":{\"Damage\":0}}","{\"id\":\"samurai_dynasty:amethyst_samurai_boots\",\"Count\":1,\"tag\":{\"Damage\":0}}"]}