{"name":"Skeleton Killer Case","key":"csgobox:csgo_key1","drop":0.0001,"random":[2,4,5,10,20],"entity":["minecraft:zombie"],"grade1":["{\"id\":\"spartanweaponry:wooden_longbow\",\"Count\":1,\"tag\":{\"Damage\":0}}","{\"id\":\"spartanweaponry:iron_scythe\",\"Count\":1,\"tag\":{\"RepairCost\":31,\"Damage\":0,\"Enchantments\":[{\"lvl\":2,\"id\":\"minecraft:fire_aspect\"},{\"lvl\":5,\"id\":\"minecraft:sharpness\"},{\"lvl\":2,\"id\":\"minecraft:knockback\"},{\"lvl\":3,\"id\":\"minecraft:looting\"},{\"lvl\":3,\"id\":\"minecraft:sweeping\"}]}}","{\"id\":\"minecraft:experience_bottle\",\"Count\":64}","{\"id\":\"minecraft:diamond\",\"Count\":6}","{\"id\":\"minecraft:gold_ingot\",\"Count\":24}"],"grade2":["{\"id\":\"spartanweaponry:iron_longbow\",\"Count\":1,\"tag\":{\"Damage\":0}}","{\"id\":\"gateways:gate_pearl\",\"Count\":1,\"tag\":{\"gateway\":\"gateways:overworldian_nights\"}}","{\"id\":\"minecraft:enchanted_book\",\"Count\":1,\"tag\":{\"StoredEnchantments\":[{\"lvl\":3,\"id\":\"spartanshields:spikes\"},{\"lvl\":3,\"id\":\"minecraft:unbreaking\"}],\"RepairCost\":1}}","{\"id\":\"minecraft:enchanted_book\",\"Count\":1,\"tag\":{\"StoredEnchantments\":[{\"lvl\":5,\"id\":\"minecraft:power\"}]}}"],"grade3":["{\"id\":\"gateways:gate_pearl\",\"Count\":1,\"tag\":{\"gateway\":\"gateways:alexs_hell\"}}","{\"id\":\"spartanshields:diamond_basic_shield\",\"Count\":1,\"tag\":{\"RepairCost\":3,\"Damage\":0,\"Enchantments\":[{\"lvl\":3,\"id\":\"spartanshields:spikes\"},{\"lvl\":3,\"id\":\"minecraft:unbreaking\"}]}}","{\"id\":\"spartanshields:diamond_tower_shield\",\"Count\":1,\"tag\":{\"RepairCost\":3,\"Damage\":0,\"Enchantments\":[{\"lvl\":3,\"id\":\"spartanshields:spikes\"},{\"lvl\":3,\"id\":\"minecraft:unbreaking\"}]}}"],"grade4":["{\"id\":\"spartanweaponry:diamond_scythe\",\"Count\":1,\"tag\":{\"RepairCost\":31,\"Damage\":0,\"Enchantments\":[{\"lvl\":2,\"id\":\"minecraft:fire_aspect\"},{\"lvl\":5,\"id\":\"minecraft:sharpness\"},{\"lvl\":2,\"id\":\"minecraft:knockback\"},{\"lvl\":3,\"id\":\"minecraft:looting\"},{\"lvl\":3,\"id\":\"minecraft:sweeping\"}]}}","{\"id\":\"spartanweaponry:diamond_longbow\",\"Count\":1,\"tag\":{\"RepairCost\":15,\"Damage\":0,\"Enchantments\":[{\"lvl\":1,\"id\":\"minecraft:infinity\"},{\"lvl\":1,\"id\":\"minecraft:flame\"},{\"lvl\":5,\"id\":\"minecraft:power\"},{\"lvl\":3,\"id\":\"minecraft:unbreaking\"}]}}"],"grade5":["{\"id\":\"spartanweaponry:netherite_scythe\",\"Count\":1,\"tag\":{\"RepairCost\":63,\"Damage\":0,\"Enchantments\":[{\"lvl\":2,\"id\":\"minecraft:fire_aspect\"},{\"lvl\":5,\"id\":\"minecraft:sharpness\"},{\"lvl\":2,\"id\":\"minecraft:knockback\"},{\"lvl\":3,\"id\":\"minecraft:looting\"},{\"lvl\":3,\"id\":\"minecraft:sweeping\"}],\"display\":{\"Name\":\"{\\\"text\\\":\\\"꧁༒༻☬ད 𝙷𝚞𝚗𝚒𝚂𝚒𝚝𝚑 ཌ☬༺༒꧂\\\"}\"}}}","{\"id\":\"spartanweaponry:netherite_longbow\",\"Count\":1,\"tag\":{\"RepairCost\":31,\"Damage\":0,\"Enchantments\":[{\"lvl\":5,\"id\":\"minecraft:power\"},{\"lvl\":3,\"id\":\"minecraft:unbreaking\"},{\"lvl\":1,\"id\":\"minecraft:flame\"},{\"lvl\":1,\"id\":\"minecraft:infinity\"},{\"lvl\":2,\"id\":\"minecraft:punch\"}]}}"]}