{"name":"Starter weapon Case","key":"csgobox:csgo_key0","drop":0,"random":[2,4,5,15,100],"entity":["minecraft:zombie"],"grade1":["{\"id\":\"spartanweaponry:stone_katana\",\"Count\":1,\"tag\":{\"Damage\":0}}","{\"id\":\"spartanweaponry:stone_longsword\",\"Count\":1,\"tag\":{\"Damage\":0}}","{\"id\":\"spartanweaponry:copper_longsword\",\"Count\":1,\"tag\":{\"Damage\":0}}","{\"id\":\"spartanweaponry:copper_saber\",\"Count\":1,\"tag\":{\"Damage\":0}}","{\"id\":\"spartanweaponry:copper_katana\",\"Count\":1,\"tag\":{\"Damage\":0}}","{\"id\":\"spartanweaponry:copper_rapier\",\"Count\":1,\"tag\":{\"Damage\":0}}","{\"id\":\"spartanweaponry:copper_greatsword\",\"Count\":1,\"tag\":{\"Damage\":0}}"],"grade2":["{\"id\":\"spartanweaponry:iron_longsword\",\"Count\":1,\"tag\":{\"Damage\":0}}","{\"id\":\"spartanweaponry:iron_katana\",\"Count\":1,\"tag\":{\"Damage\":0}}","{\"id\":\"spartanweaponry:iron_saber\",\"Count\":1,\"tag\":{\"Damage\":0}}","{\"id\":\"spartanweaponry:iron_rapier\",\"Count\":1,\"tag\":{\"Damage\":0}}","{\"id\":\"spartanweaponry:iron_greatsword\",\"Count\":1,\"tag\":{\"Damage\":0}}"],"grade3":["{\"id\":\"spartanweaponry:platinum_greatsword\",\"Count\":1,\"tag\":{\"Damage\":0}}","{\"id\":\"spartanweaponry:platinum_longsword\",\"Count\":1,\"tag\":{\"Damage\":0}}","{\"id\":\"spartanweaponry:platinum_katana\",\"Count\":1,\"tag\":{\"Damage\":0}}"],"grade4":["{\"id\":\"spartanweaponry:platinum_rapier\",\"Count\":1,\"tag\":{\"Damage\":0}}","{\"id\":\"spartanweaponry:platinum_saber\",\"Count\":1,\"tag\":{\"Damage\":0}}"],"grade5":["{\"id\":\"spartanweaponry:diamond_longsword\",\"Count\":1,\"tag\":{\"Damage\":0}}","{\"id\":\"spartanweaponry:diamond_rapier\",\"Count\":1,\"tag\":{\"Damage\":0}}","{\"id\":\"spartanweaponry:diamond_saber\",\"Count\":1,\"tag\":{\"Damage\":0}}","{\"id\":\"spartanweaponry:diamond_katana\",\"Count\":1,\"tag\":{\"Damage\":0}}","{\"id\":\"spartanweaponry:diamond_greatsword\",\"Count\":1,\"tag\":{\"Damage\":0}}","{\"id\":\"spartanweaponry:diamond_battle_hammer\",\"Count\":1,\"tag\":{\"Damage\":0}}","{\"id\":\"spartanweaponry:diamond_halberd\",\"Count\":1,\"tag\":{\"Damage\":0}}"]}