{"name":"Super Hight Risk Case","key":"csgobox:csgo_key0","drop":0,"random":[2,5,6,20,625],"entity":["minecraft:zombie"],"grade1":["{\"id\":\"minecraft:copper_ingot\",\"Count\":1}","{\"id\":\"minecraft:iron_ingot\",\"Count\":1}","{\"id\":\"minecraft:gold_ingot\",\"Count\":1}","{\"id\":\"minecraft:lapis_lazuli\",\"Count\":1}","{\"id\":\"minecraft:emerald\",\"Count\":1}","{\"id\":\"minecraft:diamond\",\"Count\":1}","{\"id\":\"minecraft:netherite_scrap\",\"Count\":1}"],"grade2":["{\"id\":\"expanded_combat:maulers_gauntlet\",\"Count\":1,\"tag\":{\"Damage\":0}}","{\"id\":\"expanded_combat:diamond_gauntlet\",\"Count\":1,\"tag\":{\"Damage\":0}}","{\"id\":\"coins_and_randoms_loot:diamond_loot_coin\",\"Count\":1}"],"grade3":["{\"id\":\"endrem:evil_eye\",\"Count\":1,\"tag\":{\"Damage\":0}}","{\"id\":\"endrem:magical_eye\",\"Count\":1,\"tag\":{\"Damage\":0}}","{\"id\":\"endrem:cursed_eye\",\"Count\":1,\"tag\":{\"Damage\":0}}"],"grade4":["{\"id\":\"spartanfire:ice_dragonsteel_greatsword\",\"Count\":1,\"tag\":{\"affix_data\":{\"sockets\":1},\"Damage\":0}}","{\"id\":\"spartanfire:lightning_dragonsteel_longbow\",\"Count\":1,\"tag\":{\"affix_data\":{\"sockets\":1},\"Damage\":0}}"],"grade5":["{\"id\":\"celestisynth:solaris\",\"Count\":1,\"tag\":{\"csController\":{},\"affix_data\":{\"sockets\":1},\"Damage\":0}}","{\"id\":\"celestisynth:poltergeist\",\"Count\":1,\"tag\":{\"csExtras\":{},\"csController\":{},\"affix_data\":{\"sockets\":1},\"Damage\":0}}","{\"id\":\"celestisynth:frostbound\",\"Count\":1,\"tag\":{\"csController\":{},\"affix_data\":{\"sockets\":1},\"Damage\":0}}","{\"id\":\"traveloptics:codex_of_the_crushing_depths\",\"Count\":1,\"tag\":{\"ISB_Spells\":{\"maxSpells\":12,\"mustEquip\":1,\"data\":[{\"index\":0,\"id\":\"traveloptics:aqua_missiles\",\"locked\":1,\"level\":6}],\"spellWheel\":1},\"ISBEnhance\":\"traveloptics:vortex_of_the_deep\"}}","{\"id\":\"traveloptics:archive_of_abyssal_secrets\",\"Count\":1,\"tag\":{\"ISB_Spells\":{\"maxSpells\":12,\"mustEquip\":1,\"data\":[{\"index\":0,\"id\":\"traveloptics:shadowed_miasma\",\"locked\":1,\"level\":3},{\"index\":1,\"id\":\"traveloptics:orbital_void\",\"locked\":1,\"level\":5}],\"spellWheel\":1},\"ISBEnhance\":\"traveloptics:cursed_minefield\"}}","{\"id\":\"scguns:astella\",\"Count\":1,\"tag\":{\"GeckoLibID\":5,\"AmmoCount\":7,\"Damage\":0}}"]}