{"name":"Sword Case","key":"csgobox:csgo_key0","drop":0.08,"random":[2,5,6,20,625],"entity":["minecraft:skeleton","minecraft:creeper","minecraft:spider"],"grade1":["{\"id\":\"minecraft:wooden_sword\",\"Count\":1,\"tag\":{\"affix_data\":{\"sockets\":1},\"Damage\":0}}","{\"id\":\"minecraft:wooden_sword\",\"Count\":1,\"tag\":{\"affix_data\":{\"sockets\":1},\"Damage\":0}}","{\"id\":\"minecraft:wooden_sword\",\"Count\":1,\"tag\":{\"affix_data\":{\"sockets\":1},\"Damage\":0}}","{\"id\":\"minecraft:wooden_sword\",\"Count\":1,\"tag\":{\"affix_data\":{\"sockets\":1},\"Damage\":0}}","{\"id\":\"minecraft:stone_sword\",\"Count\":1,\"tag\":{\"affix_data\":{\"sockets\":1},\"Damage\":0}}","{\"id\":\"minecraft:stone_sword\",\"Count\":1,\"tag\":{\"affix_data\":{\"sockets\":1},\"Damage\":0}}","{\"id\":\"minecraft:stone_sword\",\"Count\":1,\"tag\":{\"affix_data\":{\"sockets\":1},\"Damage\":0}}"],"grade2":["{\"id\":\"spartanweaponry:platinum_longsword\",\"Count\":1,\"tag\":{\"affix_data\":{\"sockets\":1},\"Damage\":0}}","{\"id\":\"spartanweaponry:platinum_longsword\",\"Count\":1,\"tag\":{\"affix_data\":{\"sockets\":1},\"Damage\":0}}","{\"id\":\"spartanweaponry:platinum_longsword\",\"Count\":1,\"tag\":{\"affix_data\":{\"sockets\":1},\"Damage\":0}}","{\"id\":\"spartanfire:dragon_bone_longsword\",\"Count\":1,\"tag\":{\"affix_data\":{\"sockets\":1},\"Damage\":0}}","{\"id\":\"spartanfire:dragon_bone_longsword\",\"Count\":1,\"tag\":{\"affix_data\":{\"sockets\":1},\"Damage\":0}}"],"grade3":["{\"id\":\"spartantwilight:fiery_longsword\",\"Count\":1,\"tag\":{\"affix_data\":{\"sockets\":1},\"Damage\":0}}","{\"id\":\"spartanfire:iced_dragon_bone_longsword\",\"Count\":1,\"tag\":{\"affix_data\":{\"sockets\":1},\"Damage\":0}}"],"grade4":["{\"id\":\"celestisynth:aquaflora\",\"Count\":1,\"tag\":{\"csController\":{},\"affix_data\":{\"sockets\":1},\"Damage\":0}}"],"grade5":["{\"id\":\"traveloptics:harbingers_wrath\",\"Count\":1,\"tag\":{\"affix_data\":{\"sockets\":1},\"ISB_Spells\":{\"maxSpells\":1,\"mustEquip\":0,\"data\":[{\"index\":0,\"id\":\"traveloptics:em_pulse\",\"locked\":1,\"level\":5}],\"spellWheel\":1}}}"]}