{"name":"Ultimate Spellbook Case","key":"csgobox:csgo_key0","drop":0,"random":[2,3,4,10,20],"entity":["minecraft:zombie"],"grade1":["{\"id\":\"irons_spellbooks:evoker_spell_book\",\"Count\":1,\"tag\":{\"ISB_Spells\":{\"maxSpells\":10,\"mustEquip\":1,\"data\":[{\"index\":0,\"id\":\"irons_spellbooks:fang_strike\",\"locked\":1,\"level\":6},{\"index\":1,\"id\":\"irons_spellbooks:fang_ward\",\"locked\":1,\"level\":4},{\"index\":2,\"id\":\"irons_spellbooks:summon_vex\",\"locked\":1,\"level\":4}],\"spellWheel\":1}}}","{\"id\":\"irons_spellbooks:necronomicon_spell_book\",\"Count\":1,\"tag\":{\"ISB_Spells\":{\"maxSpells\":10,\"mustEquip\":1,\"data\":[{\"index\":0,\"id\":\"irons_spellbooks:blood_slash\",\"locked\":1,\"level\":5},{\"index\":1,\"id\":\"irons_spellbooks:blood_step\",\"locked\":1,\"level\":5},{\"index\":2,\"id\":\"irons_spellbooks:ray_of_siphoning\",\"locked\":1,\"level\":5},{\"index\":3,\"id\":\"irons_spellbooks:blaze_storm\",\"locked\":1,\"level\":5}],\"spellWheel\":1},\"ISBEnhance\":\"irons_spellbooks:raise_dead\"}}","{\"id\":\"irons_spellbooks:blaze_spell_book\",\"Count\":1,\"tag\":{\"ISB_Spells\":{\"maxSpells\":10,\"mustEquip\":1,\"data\":[],\"spellWheel\":1}}}","{\"id\":\"irons_spellbooks:dragonskin_spell_book\",\"Count\":1,\"tag\":{\"ISB_Spells\":{\"maxSpells\":12,\"mustEquip\":1,\"data\":[],\"spellWheel\":1}}}","{\"id\":\"irons_spellbooks:villager_spell_book\",\"Count\":1,\"tag\":{\"ISB_Spells\":{\"maxSpells\":10,\"mustEquip\":1,\"data\":[],\"spellWheel\":1}}}","{\"id\":\"irons_spellbooks:druidic_spell_book\",\"Count\":1,\"tag\":{\"ISB_Spells\":{\"maxSpells\":10,\"mustEquip\":1,\"data\":[],\"spellWheel\":1}}}"],"grade2":["{\"id\":\"dacxirons:divine_manuscript_spell_book\",\"Count\":1,\"tag\":{\"ISB_Spells\":{\"maxSpells\":12,\"mustEquip\":1,\"data\":[{\"index\":0,\"id\":\"dacxirons:sunleia_beam\",\"locked\":1,\"level\":6}],\"spellWheel\":1}}}","{\"id\":\"irons_spellbooks:netherite_spell_book\",\"Count\":1,\"tag\":{\"ISB_Spells\":{\"maxSpells\":12,\"mustEquip\":1,\"data\":[],\"spellWheel\":1}}}","{\"id\":\"celestisynth:celestial_spell_book\",\"Count\":1,\"tag\":{\"ISB_Spells\":{\"maxSpells\":14,\"mustEquip\":1,\"data\":[],\"spellWheel\":1}}}","{\"id\":\"ice_and_fire_spellbooks:dragonmancers_oathbook\",\"Count\":1,\"tag\":{\"ISB_Spells\":{\"maxSpells\":12,\"mustEquip\":1,\"data\":[],\"spellWheel\":1}}}"],"grade3":["{\"id\":\"traveloptics:guide_to_watery_whispers\",\"Count\":1,\"tag\":{\"ISB_Spells\":{\"maxSpells\":10,\"mustEquip\":1,\"data\":[],\"spellWheel\":1}}}","{\"id\":\"traveloptics:tome_of_abyssal_flora\",\"Count\":1,\"tag\":{\"ISB_Spells\":{\"maxSpells\":12,\"mustEquip\":1,\"data\":[],\"spellWheel\":1}}}"],"grade4":["{\"id\":\"traveloptics:chronicles_of_the_firelord\",\"Count\":1,\"tag\":{\"ISB_Spells\":{\"maxSpells\":12,\"mustEquip\":1,\"data\":[{\"index\":0,\"id\":\"irons_spellbooks:flaming_strike\",\"locked\":1,\"level\":5},{\"index\":1,\"id\":\"traveloptics:meteor_storm\",\"locked\":1,\"level\":5}],\"spellWheel\":1},\"ISBEnhance\":\"traveloptics:burning_judgment\"}}"],"grade5":["{\"id\":\"traveloptics:the_accused_codex\",\"Count\":1,\"tag\":{\"ISB_Spells\":{\"maxSpells\":12,\"mustEquip\":1,\"data\":[{\"index\":0,\"id\":\"traveloptics:halberd_horizon\",\"locked\":1,\"level\":6}],\"spellWheel\":1},\"ISBEnhance\":\"traveloptics:cursed_blast\"}}","{\"id\":\"traveloptics:archive_of_abyssal_secrets\",\"Count\":1,\"tag\":{\"ISB_Spells\":{\"maxSpells\":12,\"mustEquip\":1,\"data\":[{\"index\":0,\"id\":\"traveloptics:shadowed_miasma\",\"locked\":1,\"level\":3},{\"index\":1,\"id\":\"traveloptics:orbital_void\",\"locked\":1,\"level\":5}],\"spellWheel\":1},\"ISBEnhance\":\"traveloptics:cursed_minefield\"}}","{\"id\":\"traveloptics:codex_of_the_crushing_depths\",\"Count\":1,\"tag\":{\"ISB_Spells\":{\"maxSpells\":12,\"mustEquip\":1,\"data\":[{\"index\":0,\"id\":\"traveloptics:aqua_missiles\",\"locked\":1,\"level\":6}],\"spellWheel\":1},\"ISBEnhance\":\"traveloptics:vortex_of_the_deep\"}}"]}