{"name":"ULTIMATE BOSS CASE","key":"csgobox:csgo_key3","drop":0,"random":[1,3,4,5,12],"entity":["minecraft:zombie"],"grade1":["{\"id\":\"spartanfire:ice_dragonsteel_longsword\",\"Count\":1,\"tag\":{\"affix_data\":{\"sockets\":1},\"Damage\":0,\"Enchantments\":[{\"lvl\":10,\"id\":\"minecraft:sharpness\"},{\"lvl\":1,\"id\":\"minecraft:mending\"},{\"lvl\":3,\"id\":\"apotheosis:scavenger\"},{\"lvl\":8,\"id\":\"minecraft:sweeping\"},{\"lvl\":8,\"id\":\"minecraft:unbreaking\"},{\"lvl\":8,\"id\":\"minecraft:looting\"},{\"lvl\":10,\"id\":\"apotheosis:bane_of_illagers\"}]}}","{\"id\":\"spartanfire:ice_dragonsteel_katana\",\"Count\":1,\"tag\":{\"affix_data\":{\"sockets\":1},\"Damage\":0,\"Enchantments\":[{\"lvl\":10,\"id\":\"minecraft:sharpness\"},{\"lvl\":1,\"id\":\"minecraft:mending\"},{\"lvl\":3,\"id\":\"apotheosis:scavenger\"},{\"lvl\":8,\"id\":\"minecraft:sweeping\"},{\"lvl\":8,\"id\":\"minecraft:unbreaking\"},{\"lvl\":8,\"id\":\"minecraft:looting\"},{\"lvl\":10,\"id\":\"apotheosis:bane_of_illagers\"}]}}","{\"id\":\"spartanfire:ice_dragonsteel_parrying_dagger\",\"Count\":1,\"tag\":{\"affix_data\":{\"sockets\":1},\"Damage\":0,\"Enchantments\":[{\"lvl\":10,\"id\":\"minecraft:sharpness\"},{\"lvl\":1,\"id\":\"minecraft:mending\"},{\"lvl\":3,\"id\":\"apotheosis:scavenger\"},{\"lvl\":8,\"id\":\"minecraft:unbreaking\"},{\"lvl\":8,\"id\":\"minecraft:looting\"},{\"lvl\":10,\"id\":\"apotheosis:bane_of_illagers\"}]}}","{\"id\":\"spartanfire:ice_dragonsteel_battle_hammer\",\"Count\":1,\"tag\":{\"affix_data\":{\"sockets\":1},\"Damage\":0,\"Enchantments\":[{\"lvl\":10,\"id\":\"minecraft:sharpness\"},{\"lvl\":1,\"id\":\"minecraft:mending\"},{\"lvl\":3,\"id\":\"apotheosis:scavenger\"},{\"lvl\":8,\"id\":\"minecraft:unbreaking\"},{\"lvl\":8,\"id\":\"minecraft:looting\"},{\"lvl\":10,\"id\":\"apotheosis:bane_of_illagers\"}]}}","{\"id\":\"spartanfire:ice_dragonsteel_pike\",\"Count\":1,\"tag\":{\"affix_data\":{\"sockets\":1},\"Damage\":0,\"Enchantments\":[{\"lvl\":10,\"id\":\"minecraft:sharpness\"},{\"lvl\":1,\"id\":\"minecraft:mending\"},{\"lvl\":3,\"id\":\"apotheosis:scavenger\"},{\"lvl\":8,\"id\":\"minecraft:unbreaking\"},{\"lvl\":8,\"id\":\"minecraft:looting\"},{\"lvl\":10,\"id\":\"apotheosis:bane_of_illagers\"}]}}","{\"id\":\"spartanfire:ice_dragonsteel_battleaxe\",\"Count\":1,\"tag\":{\"affix_data\":{\"sockets\":1},\"Damage\":0,\"Enchantments\":[{\"lvl\":10,\"id\":\"minecraft:sharpness\"},{\"lvl\":1,\"id\":\"minecraft:mending\"},{\"lvl\":3,\"id\":\"apotheosis:scavenger\"},{\"lvl\":8,\"id\":\"minecraft:unbreaking\"},{\"lvl\":8,\"id\":\"minecraft:looting\"},{\"lvl\":10,\"id\":\"apotheosis:bane_of_illagers\"}]}}","{\"id\":\"spartanfire:ice_dragonsteel_longbow\",\"Count\":1,\"tag\":{\"RepairCost\":1,\"affix_data\":{\"sockets\":1},\"Damage\":0,\"Enchantments\":[{\"lvl\":10,\"id\":\"minecraft:power\"},{\"lvl\":1,\"id\":\"apotheosis:endless_quiver\"},{\"lvl\":1,\"id\":\"minecraft:mending\"},{\"lvl\":8,\"id\":\"minecraft:unbreaking\"}]}}"],"grade2":["{\"id\":\"celestisynth:solaris\",\"Count\":1,\"tag\":{\"gems_count\":3,\"csController\":{},\"affix_data\":{\"gems\":[{\"id\":\"apotheosis:gem\",\"Count\":1,\"tag\":{\"affix_data\":{\"rarity\":\"apotheosis:ancient\"},\"gem_power\":1.0,\"gem\":\"apotheosis:core/ballast\",\"uuids\":[[-784035199,1649100777,-1208460303,-914121287]]}},{\"id\":\"apotheosis:gem\",\"Count\":1,\"tag\":{\"affix_data\":{\"rarity\":\"apotheosis:ancient\"},\"gem_power\":1.0,\"gem\":\"apotheosis:core/ballast\",\"uuids\":[[1157825993,1658078324,-1412312089,296179661]]}},{\"id\":\"apotheosis:gem\",\"Count\":1,\"tag\":{\"affix_data\":{\"rarity\":\"apotheosis:ancient\"},\"gem_power\":1.0,\"gem\":\"apotheosis:core/samurai\",\"uuids\":[[-363539929,1964261926,-1911655304,-1450759850]]}}],\"sockets\":3},\"Damage\":0,\"Enchantments\":[{\"lvl\":10,\"id\":\"minecraft:sharpness\"},{\"lvl\":1,\"id\":\"minecraft:mending\"},{\"lvl\":3,\"id\":\"apotheosis:scavenger\"},{\"lvl\":8,\"id\":\"minecraft:sweeping\"},{\"lvl\":8,\"id\":\"minecraft:unbreaking\"},{\"lvl\":8,\"id\":\"minecraft:looting\"},{\"lvl\":10,\"id\":\"apotheosis:bane_of_illagers\"}]}}","{\"id\":\"celestisynth:aquaflora\",\"Count\":1,\"tag\":{\"gems_count\":3,\"csController\":{},\"affix_data\":{\"gems\":[{\"id\":\"apotheosis:gem\",\"Count\":1,\"tag\":{\"affix_data\":{\"rarity\":\"apotheosis:ancient\"},\"gem_power\":1.0,\"gem\":\"apotheosis:core/ballast\",\"uuids\":[[-1966361722,-839627599,-1133826256,-538155522]]}},{\"id\":\"apotheosis:gem\",\"Count\":1,\"tag\":{\"affix_data\":{\"rarity\":\"apotheosis:ancient\"},\"gem_power\":1.0,\"gem\":\"apotheosis:core/ballast\",\"uuids\":[[-2057320070,153372914,-1437018842,49041089]]}},{\"id\":\"apotheosis:gem\",\"Count\":1,\"tag\":{\"affix_data\":{\"rarity\":\"apotheosis:ancient\"},\"gem_power\":1.0,\"gem\":\"apotheosis:core/guardian\",\"uuids\":[[-1474137287,1416316049,-2083858547,-1856375541]]}}],\"sockets\":3},\"Damage\":0,\"Enchantments\":[{\"lvl\":10,\"id\":\"minecraft:sharpness\"},{\"lvl\":1,\"id\":\"minecraft:mending\"},{\"lvl\":3,\"id\":\"apotheosis:scavenger\"},{\"lvl\":8,\"id\":\"minecraft:sweeping\"},{\"lvl\":8,\"id\":\"minecraft:unbreaking\"},{\"lvl\":8,\"id\":\"minecraft:looting\"},{\"lvl\":10,\"id\":\"apotheosis:bane_of_illagers\"}]}}","{\"id\":\"celestisynth:frostbound\",\"Count\":1,\"tag\":{\"gems_count\":3,\"csController\":{},\"affix_data\":{\"gems\":[{\"id\":\"apotheosis:gem\",\"Count\":1,\"tag\":{\"affix_data\":{\"rarity\":\"apotheosis:ancient\"},\"gem_power\":1.0,\"gem\":\"apotheosis:core/ballast\",\"uuids\":[[-1997420476,-2024324144,-1837503604,1720799702]]}},{\"id\":\"apotheosis:gem\",\"Count\":1,\"tag\":{\"affix_data\":{\"rarity\":\"apotheosis:ancient\"},\"gem_power\":1.0,\"gem\":\"apotheosis:core/ballast\",\"uuids\":[[111755644,253641631,-1225407834,-215111330]]}},{\"id\":\"apotheosis:gem\",\"Count\":1,\"tag\":{\"affix_data\":{\"rarity\":\"apotheosis:ancient\"},\"gem_power\":1.0,\"gem\":\"apotheosis:core/guardian\",\"uuids\":[[488883178,-979287978,-1289597405,-2080582564]]}}],\"sockets\":3},\"Damage\":0,\"Enchantments\":[{\"lvl\":10,\"id\":\"minecraft:sharpness\"},{\"lvl\":1,\"id\":\"minecraft:mending\"},{\"lvl\":3,\"id\":\"apotheosis:scavenger\"},{\"lvl\":8,\"id\":\"minecraft:sweeping\"},{\"lvl\":8,\"id\":\"minecraft:unbreaking\"},{\"lvl\":8,\"id\":\"minecraft:looting\"},{\"lvl\":10,\"id\":\"apotheosis:bane_of_illagers\"}]}}","{\"id\":\"celestisynth:keres\",\"Count\":1,\"tag\":{\"gems_count\":3,\"csController\":{\"cs.keresStack\":0},\"affix_data\":{\"gems\":[{\"id\":\"apotheosis:gem\",\"Count\":1,\"tag\":{\"affix_data\":{\"rarity\":\"apotheosis:ancient\"},\"gem_power\":1.0,\"gem\":\"apotheosis:core/ballast\",\"uuids\":[[2001251685,1864582841,-1720826162,1652873042]]}},{\"id\":\"apotheosis:gem\",\"Count\":1,\"tag\":{\"affix_data\":{\"rarity\":\"apotheosis:ancient\"},\"gem_power\":1.0,\"gem\":\"apotheosis:core/ballast\",\"uuids\":[[1016377091,-1499512669,-1784590448,980002025]]}},{\"id\":\"apotheosis:gem\",\"Count\":1,\"tag\":{\"affix_data\":{\"rarity\":\"apotheosis:ancient\"},\"gem_power\":1.0,\"gem\":\"apotheosis:core/guardian\",\"uuids\":[[-2069368368,332611714,-1918218272,-755072815]]}}],\"sockets\":3},\"Damage\":0,\"Enchantments\":[{\"lvl\":10,\"id\":\"minecraft:sharpness\"},{\"lvl\":1,\"id\":\"minecraft:mending\"},{\"lvl\":3,\"id\":\"apotheosis:scavenger\"},{\"lvl\":8,\"id\":\"minecraft:sweeping\"},{\"lvl\":8,\"id\":\"minecraft:unbreaking\"},{\"lvl\":8,\"id\":\"minecraft:looting\"},{\"lvl\":10,\"id\":\"apotheosis:bane_of_illagers\"}]}}","{\"id\":\"celestisynth:rainfall_serenity\",\"Count\":1,\"tag\":{\"csExtras\":{\"cs.pull\":0.0,\"cs.pulling\":0.0},\"RepairCost\":1,\"csController\":{\"cs.hasAnimationBegun\":0},\"affix_data\":{\"gems\":[{\"id\":\"apotheosis:gem\",\"Count\":1,\"tag\":{\"affix_data\":{\"rarity\":\"apotheosis:ancient\"},\"gem_power\":1.0,\"gem\":\"apotheosis:core/combatant\",\"uuids\":[[-1363988176,-1580645855,-1097227004,26278484]]}},{\"id\":\"apotheosis:gem\",\"Count\":1,\"tag\":{\"affix_data\":{\"rarity\":\"apotheosis:ancient\"},\"gem_power\":1.0,\"gem\":\"apotheosis:core/samurai\",\"uuids\":[[-567716574,-195670915,-1288102502,1333600791]]}},{\"id\":\"apotheosis:gem\",\"Count\":1,\"tag\":{\"affix_data\":{\"rarity\":\"apotheosis:ancient\"},\"gem_power\":1.0,\"gem\":\"apotheosis:core/lightning\",\"uuids\":[[-945436615,1500532260,-1435906542,-674125153]]}}],\"sockets\":3},\"Enchantments\":[{\"lvl\":9,\"id\":\"minecraft:power\"}],\"gems_count\":3,\"Damage\":0}}"],"grade3":["{\"id\":\"traveloptics:tectonic_crest_armor_chestplate\",\"Count\":1,\"tag\":{\"RepairCost\":15,\"affix_data\":{\"gems\":[{\"id\":\"apotheosis:gem\",\"Count\":1,\"tag\":{\"affix_data\":{\"rarity\":\"apotheosis:ancient\"},\"gem_power\":1.0,\"gem\":\"apotheosis:core/guardian\",\"uuids\":[[-491778928,251875133,-1820339279,-1601685652]]}},{\"id\":\"apotheosis:gem\",\"Count\":1,\"tag\":{\"affix_data\":{\"rarity\":\"apotheosis:ancient\"},\"gem_power\":1.0,\"gem\":\"apotheosis:core/guardian\",\"uuids\":[[-549449644,-1252047775,-1836461901,-651077905]]}},{\"id\":\"apotheosis:gem\",\"Count\":1,\"tag\":{\"affix_data\":{\"rarity\":\"apotheosis:ancient\"},\"gem_power\":1.0,\"gem\":\"irons_spellbooks:fire\",\"uuids\":[[56775447,1876643483,-1444963144,-834346579]]}}],\"sockets\":3},\"Enchantments\":[{\"lvl\":8,\"id\":\"minecraft:protection\"},{\"lvl\":8,\"id\":\"minecraft:unbreaking\"},{\"lvl\":1,\"id\":\"minecraft:mending\"},{\"lvl\":8,\"id\":\"l2complements:soul_flame_thorn\"}],\"ISB_Spells\":{\"maxSpells\":1,\"mustEquip\":1,\"data\":[],\"spellWheel\":1},\"gems_count\":3,\"ISBUpgrades\":[{\"id\":\"irons_spellbooks:fire_power\",\"slot\":\"chest\",\"upgrades\":3}]}}","{\"id\":\"traveloptics:mechanized_exoskeleton_chestplate\",\"Count\":1,\"tag\":{\"PlasmaFuel\":300,\"RepairCost\":15,\"affix_data\":{\"gems\":[{\"id\":\"apotheosis:gem\",\"Count\":1,\"tag\":{\"affix_data\":{\"rarity\":\"apotheosis:ancient\"},\"gem_power\":1.0,\"gem\":\"apotheosis:core/guardian\",\"uuids\":[[338825505,-295088370,-1625501440,-661644161]]}},{\"id\":\"apotheosis:gem\",\"Count\":1,\"tag\":{\"affix_data\":{\"rarity\":\"apotheosis:ancient\"},\"gem_power\":1.0,\"gem\":\"apotheosis:core/guardian\",\"uuids\":[[-843705068,1042565153,-1572785024,-1628494194]]}},{\"id\":\"apotheosis:gem\",\"Count\":1,\"tag\":{\"affix_data\":{\"rarity\":\"apotheosis:ancient\"},\"gem_power\":1.0,\"gem\":\"irons_spellbooks:lightning\",\"uuids\":[[27834410,401948915,-1194510906,-1517894517]]}}],\"sockets\":3},\"Enchantments\":[{\"lvl\":8,\"id\":\"minecraft:protection\"},{\"lvl\":8,\"id\":\"minecraft:unbreaking\"},{\"lvl\":1,\"id\":\"minecraft:mending\"},{\"lvl\":6,\"id\":\"minecraft:thorns\"}],\"ISB_Spells\":{\"maxSpells\":1,\"mustEquip\":1,\"data\":[],\"spellWheel\":1},\"gems_count\":3,\"ISBUpgrades\":[{\"id\":\"irons_spellbooks:lightning_power\",\"slot\":\"chest\",\"upgrades\":3}]}}","{\"id\":\"traveloptics:cursed_wraithguard_chestplate\",\"Count\":1,\"tag\":{\"RepairCost\":15,\"affix_data\":{\"gems\":[{\"id\":\"apotheosis:gem\",\"Count\":1,\"tag\":{\"affix_data\":{\"rarity\":\"apotheosis:ancient\"},\"gem_power\":1.0,\"gem\":\"apotheosis:core/guardian\",\"uuids\":[[-1900042091,1952925651,-1144840388,1325091620]]}},{\"id\":\"apotheosis:gem\",\"Count\":1,\"tag\":{\"affix_data\":{\"rarity\":\"apotheosis:ancient\"},\"gem_power\":1.0,\"gem\":\"apotheosis:core/guardian\",\"uuids\":[[1617421226,455036208,-1821725547,-1392738261]]}},{\"id\":\"apotheosis:gem\",\"Count\":2,\"tag\":{\"affix_data\":{\"rarity\":\"apotheosis:ancient\"},\"gem_power\":1.0,\"gem\":\"irons_spellbooks:ice\",\"uuids\":[[998691341,-1017428122,-1226731159,-564755936]]}}],\"sockets\":3},\"Enchantments\":[{\"lvl\":8,\"id\":\"minecraft:protection\"},{\"lvl\":8,\"id\":\"minecraft:unbreaking\"},{\"lvl\":1,\"id\":\"minecraft:mending\"},{\"lvl\":8,\"id\":\"l2complements:ice_thorn\"}],\"ISB_Spells\":{\"maxSpells\":1,\"mustEquip\":1,\"data\":[],\"spellWheel\":1},\"gems_count\":3,\"ISBUpgrades\":[{\"id\":\"irons_spellbooks:ice_power\",\"slot\":\"chest\",\"upgrades\":3}]}}"],"grade4":["{\"id\":\"coins_and_randoms_loot:tankiorus_chestplate\",\"Count\":1,\"tag\":{\"gems_count\":3,\"RepairCost\":7,\"affix_data\":{\"gems\":[{\"id\":\"apotheosis:gem\",\"Count\":1,\"tag\":{\"affix_data\":{\"rarity\":\"apotheosis:ancient\"},\"gem_power\":1.0,\"gem\":\"apotheosis:the_nether/blood_lord\",\"uuids\":[[-507681710,304302331,-1144254976,-102613685],[-949225917,389498775,-1743414230,1735344861]]}},{\"id\":\"apotheosis:gem\",\"Count\":1,\"tag\":{\"affix_data\":{\"rarity\":\"apotheosis:ancient\"},\"gem_power\":1.0,\"gem\":\"irons_spellbooks:holy\",\"uuids\":[[929930412,1081098366,-1777162903,-67340186]]}},{\"id\":\"apotheosis:gem\",\"Count\":1,\"tag\":{\"affix_data\":{\"rarity\":\"apotheosis:ancient\"},\"gem_power\":1.0,\"gem\":\"apotheosis:core/combatant\",\"uuids\":[[-979487454,-1934800400,-1883759886,2017751453]]}}],\"sockets\":3},\"Damage\":0,\"Enchantments\":[{\"lvl\":8,\"id\":\"minecraft:protection\"},{\"lvl\":1,\"id\":\"minecraft:mending\"},{\"lvl\":8,\"id\":\"l2complements:durable_armor\"}]}}","{\"id\":\"coins_and_randoms_loot:broken_heart_axe\",\"Count\":1,\"tag\":{\"gems_count\":3,\"affix_data\":{\"gems\":[{\"id\":\"apotheosis:gem\",\"Count\":1,\"tag\":{\"affix_data\":{\"rarity\":\"apotheosis:ancient\"},\"gem_power\":1.0,\"gem\":\"apotheosis:core/guardian\",\"uuids\":[[-1113530600,-414561232,-1520095595,1211948332]]}},{\"id\":\"apotheosis:gem\",\"Count\":1,\"tag\":{\"affix_data\":{\"rarity\":\"apotheosis:ancient\"},\"gem_power\":1.0,\"gem\":\"apotheosis:core/ballast\",\"uuids\":[[-155144357,1982613547,-1541406207,-1367926378]]}},{\"id\":\"apotheosis:gem\",\"Count\":64,\"tag\":{\"affix_data\":{\"rarity\":\"apotheosis:ancient\"},\"gem_power\":1.0,\"gem\":\"apotheosis:core/samurai\",\"uuids\":[[1666335276,-670742657,-1781767677,1945401582]]}}],\"sockets\":3},\"Damage\":0,\"Enchantments\":[{\"lvl\":10,\"id\":\"minecraft:sharpness\"},{\"lvl\":1,\"id\":\"minecraft:mending\"},{\"lvl\":3,\"id\":\"apotheosis:scavenger\"},{\"lvl\":8,\"id\":\"minecraft:sweeping\"},{\"lvl\":8,\"id\":\"minecraft:unbreaking\"},{\"lvl\":8,\"id\":\"minecraft:looting\"},{\"lvl\":10,\"id\":\"apotheosis:bane_of_illagers\"}]}}"],"grade5":["{\"id\":\"traveloptics:wand_of_final_light\",\"Count\":1,\"tag\":{\"ISB_Spells\":{\"maxSpells\":1,\"mustEquip\":0,\"data\":[{\"index\":0,\"id\":\"traveloptics:supernova\",\"locked\":1,\"level\":1}],\"spellWheel\":1},\"gems_count\":3,\"affix_data\":{\"gems\":[{\"id\":\"apotheosis:gem\",\"Count\":1,\"tag\":{\"affix_data\":{\"rarity\":\"apotheosis:ancient\"},\"gem_power\":1.0,\"gem\":\"apotheosis:core/ballast\",\"uuids\":[[-1335272689,-59554465,-1974434245,2033120720]]}},{\"id\":\"apotheosis:gem\",\"Count\":1,\"tag\":{\"affix_data\":{\"rarity\":\"apotheosis:ancient\"},\"gem_power\":1.0,\"gem\":\"apotheosis:core/ballast\",\"uuids\":[[-488792609,966738509,-1603862589,1063668643]]}},{\"id\":\"apotheosis:gem\",\"Count\":36,\"tag\":{\"affix_data\":{\"rarity\":\"apotheosis:ancient\"},\"gem_power\":1.0,\"gem\":\"apotheosis:core/ballast\",\"uuids\":[[-963767212,661211323,-1540402679,-445478896]]}}],\"sockets\":3},\"Enchantments\":[{\"lvl\":10,\"id\":\"minecraft:sharpness\"},{\"lvl\":3,\"id\":\"apotheosis:scavenger\"},{\"lvl\":8,\"id\":\"minecraft:sweeping\"},{\"lvl\":8,\"id\":\"minecraft:looting\"},{\"lvl\":10,\"id\":\"apotheosis:bane_of_illagers\"}]}}","{\"id\":\"traveloptics:mechanized_wraithblade\",\"Count\":1,\"tag\":{\"affix_data\":{\"gems\":[{\"id\":\"apotheosis:gem\",\"Count\":1,\"tag\":{\"affix_data\":{\"rarity\":\"apotheosis:ancient\"},\"gem_power\":1.0,\"gem\":\"apotheosis:core/ballast\",\"uuids\":[[18648773,-1072345682,-2001375501,58549504]]}},{\"id\":\"apotheosis:gem\",\"Count\":1,\"tag\":{\"affix_data\":{\"rarity\":\"apotheosis:ancient\"},\"gem_power\":1.0,\"gem\":\"apotheosis:core/ballast\",\"uuids\":[[168377807,-527023620,-1235062498,-1874969966]]}},{\"id\":\"apotheosis:gem\",\"Count\":57,\"tag\":{\"affix_data\":{\"rarity\":\"apotheosis:ancient\"},\"gem_power\":1.0,\"gem\":\"apotheosis:core/guardian\",\"uuids\":[[-365011256,-88849592,-1105263019,264888984]]}}],\"sockets\":3},\"Enchantments\":[{\"lvl\":10,\"id\":\"minecraft:sharpness\"},{\"lvl\":1,\"id\":\"minecraft:mending\"},{\"lvl\":3,\"id\":\"apotheosis:scavenger\"},{\"lvl\":8,\"id\":\"minecraft:sweeping\"},{\"lvl\":8,\"id\":\"minecraft:unbreaking\"},{\"lvl\":8,\"id\":\"minecraft:looting\"},{\"lvl\":10,\"id\":\"apotheosis:bane_of_illagers\"}],\"ISB_Spells\":{\"maxSpells\":1,\"mustEquip\":0,\"data\":[{\"index\":0,\"id\":\"traveloptics:rapid_laser\",\"locked\":1,\"level\":5}],\"spellWheel\":1},\"gems_count\":3,\"PlasmaCore\":150,\"SwingCounter\":1}}","{\"id\":\"traveloptics:titanlord_scepter\",\"Count\":1,\"tag\":{\"gems_count\":3,\"affix_data\":{\"gems\":[{\"id\":\"apotheosis:gem\",\"Count\":1,\"tag\":{\"affix_data\":{\"rarity\":\"apotheosis:ancient\"},\"gem_power\":1.0,\"gem\":\"apotheosis:core/ballast\",\"uuids\":[[-1178071212,-616413106,-1200778572,-341974807]]}},{\"id\":\"apotheosis:gem\",\"Count\":1,\"tag\":{\"affix_data\":{\"rarity\":\"apotheosis:ancient\"},\"gem_power\":1.0,\"gem\":\"apotheosis:core/ballast\",\"uuids\":[[-743366000,1551977623,-1573087760,573889889]]}},{\"id\":\"apotheosis:gem\",\"Count\":58,\"tag\":{\"affix_data\":{\"rarity\":\"apotheosis:ancient\"},\"gem_power\":1.0,\"gem\":\"apotheosis:core/guardian\",\"uuids\":[[-1824673727,1950172549,-1239625969,-1130014745]]}}],\"sockets\":3},\"Enchantments\":[{\"lvl\":10,\"id\":\"minecraft:sharpness\"},{\"lvl\":3,\"id\":\"apotheosis:scavenger\"},{\"lvl\":8,\"id\":\"minecraft:sweeping\"},{\"lvl\":8,\"id\":\"minecraft:looting\"},{\"lvl\":10,\"id\":\"apotheosis:bane_of_illagers\"}]}}","{\"id\":\"traveloptics:titanlord_scepter_retro\",\"Count\":1,\"tag\":{\"gems_count\":3,\"affix_data\":{\"gems\":[{\"id\":\"apotheosis:gem\",\"Count\":1,\"tag\":{\"affix_data\":{\"rarity\":\"apotheosis:ancient\"},\"gem_power\":1.0,\"gem\":\"apotheosis:core/ballast\",\"uuids\":[[-884805637,1932412807,-1263891046,497616890]]}},{\"id\":\"apotheosis:gem\",\"Count\":1,\"tag\":{\"affix_data\":{\"rarity\":\"apotheosis:ancient\"},\"gem_power\":1.0,\"gem\":\"apotheosis:core/ballast\",\"uuids\":[[1853839202,-787791708,-1417650160,1347479337]]}},{\"id\":\"apotheosis:gem\",\"Count\":59,\"tag\":{\"affix_data\":{\"rarity\":\"apotheosis:ancient\"},\"gem_power\":1.0,\"gem\":\"apotheosis:core/guardian\",\"uuids\":[[-378101525,1667452736,-1623597113,1731625742]]}}],\"sockets\":3},\"Enchantments\":[{\"lvl\":10,\"id\":\"minecraft:sharpness\"},{\"lvl\":3,\"id\":\"apotheosis:scavenger\"},{\"lvl\":8,\"id\":\"minecraft:sweeping\"},{\"lvl\":8,\"id\":\"minecraft:looting\"},{\"lvl\":10,\"id\":\"apotheosis:bane_of_illagers\"}]}}","{\"id\":\"traveloptics:titanlord_scepter_tectonic\",\"Count\":1,\"tag\":{\"gems_count\":3,\"affix_data\":{\"gems\":[{\"id\":\"apotheosis:gem\",\"Count\":1,\"tag\":{\"affix_data\":{\"rarity\":\"apotheosis:ancient\"},\"gem_power\":1.0,\"gem\":\"apotheosis:core/ballast\",\"uuids\":[[-706300633,-128694881,-2021627318,1773526809]]}},{\"id\":\"apotheosis:gem\",\"Count\":1,\"tag\":{\"affix_data\":{\"rarity\":\"apotheosis:ancient\"},\"gem_power\":1.0,\"gem\":\"apotheosis:core/ballast\",\"uuids\":[[-936108901,1131562132,-2004854751,1768254480]]}},{\"id\":\"apotheosis:gem\",\"Count\":35,\"tag\":{\"affix_data\":{\"rarity\":\"apotheosis:ancient\"},\"gem_power\":1.0,\"gem\":\"apotheosis:core/ballast\",\"uuids\":[[671307957,555962205,-1853700245,-1190052313]]}}],\"sockets\":3},\"Enchantments\":[{\"lvl\":10,\"id\":\"minecraft:sharpness\"},{\"lvl\":3,\"id\":\"apotheosis:scavenger\"},{\"lvl\":8,\"id\":\"minecraft:sweeping\"},{\"lvl\":8,\"id\":\"minecraft:looting\"},{\"lvl\":10,\"id\":\"apotheosis:bane_of_illagers\"}]}}","{\"id\":\"traveloptics:trident_of_the_eternal_maelstrom\",\"Count\":1,\"tag\":{\"ISB_Spells\":{\"maxSpells\":1,\"mustEquip\":0,\"data\":[{\"index\":0,\"id\":\"traveloptics:tidal_slash\",\"locked\":1,\"level\":1}],\"spellWheel\":1},\"gems_count\":3,\"affix_data\":{\"gems\":[{\"id\":\"apotheosis:gem\",\"Count\":1,\"tag\":{\"affix_data\":{\"rarity\":\"apotheosis:ancient\"},\"gem_power\":1.0,\"gem\":\"apotheosis:core/ballast\",\"uuids\":[[-1526571295,2128495523,-1797290994,-851170259]]}},{\"id\":\"apotheosis:gem\",\"Count\":1,\"tag\":{\"affix_data\":{\"rarity\":\"apotheosis:ancient\"},\"gem_power\":1.0,\"gem\":\"apotheosis:core/ballast\",\"uuids\":[[-324035272,711478190,-1923332977,-1837543166]]}},{\"id\":\"apotheosis:gem\",\"Count\":34,\"tag\":{\"affix_data\":{\"rarity\":\"apotheosis:ancient\"},\"gem_power\":1.0,\"gem\":\"apotheosis:core/ballast\",\"uuids\":[[-925493361,1826834317,-1337891938,1144948582]]}}],\"sockets\":3},\"Enchantments\":[{\"lvl\":10,\"id\":\"minecraft:sharpness\"},{\"lvl\":1,\"id\":\"minecraft:mending\"},{\"lvl\":3,\"id\":\"apotheosis:scavenger\"},{\"lvl\":8,\"id\":\"minecraft:sweeping\"},{\"lvl\":8,\"id\":\"minecraft:unbreaking\"},{\"lvl\":8,\"id\":\"minecraft:looting\"},{\"lvl\":10,\"id\":\"apotheosis:bane_of_illagers\"}]}}","{\"id\":\"traveloptics:the_obliterator\",\"Count\":1,\"tag\":{\"ISB_Spells\":{\"maxSpells\":1,\"mustEquip\":0,\"data\":[{\"index\":0,\"id\":\"traveloptics:shadowed_miasma\",\"locked\":1,\"level\":3}],\"spellWheel\":1},\"gems_count\":3,\"affix_data\":{\"gems\":[{\"id\":\"apotheosis:gem\",\"Count\":1,\"tag\":{\"affix_data\":{\"rarity\":\"apotheosis:ancient\"},\"gem_power\":1.0,\"gem\":\"apotheosis:core/ballast\",\"uuids\":[[-1487529207,761676836,-1096922156,-315735559]]}},{\"id\":\"apotheosis:gem\",\"Count\":1,\"tag\":{\"affix_data\":{\"rarity\":\"apotheosis:ancient\"},\"gem_power\":1.0,\"gem\":\"apotheosis:core/ballast\",\"uuids\":[[1285093678,-116963977,-1906393691,667139797]]}},{\"id\":\"apotheosis:gem\",\"Count\":1,\"tag\":{\"affix_data\":{\"rarity\":\"apotheosis:ancient\"},\"gem_power\":1.0,\"gem\":\"apotheosis:core/guardian\",\"uuids\":[[-1500711603,-795783315,-1303690514,-1812375000]]}}],\"sockets\":3},\"Enchantments\":[{\"lvl\":10,\"id\":\"minecraft:sharpness\"},{\"lvl\":1,\"id\":\"minecraft:mending\"},{\"lvl\":3,\"id\":\"apotheosis:scavenger\"},{\"lvl\":8,\"id\":\"minecraft:sweeping\"},{\"lvl\":8,\"id\":\"minecraft:unbreaking\"},{\"lvl\":8,\"id\":\"minecraft:looting\"},{\"lvl\":10,\"id\":\"apotheosis:bane_of_illagers\"}]}}","{\"id\":\"traveloptics:scourge_of_the_sands\",\"Count\":1,\"tag\":{\"ISB_Spells\":{\"maxSpells\":1,\"mustEquip\":0,\"data\":[{\"index\":0,\"id\":\"traveloptics:stele_cascade\",\"locked\":1,\"level\":6}],\"spellWheel\":1},\"gems_count\":3,\"affix_data\":{\"gems\":[{\"id\":\"apotheosis:gem\",\"Count\":1,\"tag\":{\"affix_data\":{\"rarity\":\"apotheosis:ancient\"},\"gem_power\":1.0,\"gem\":\"apotheosis:core/ballast\",\"uuids\":[[637614506,1091912998,-1560449230,2086273063]]}},{\"id\":\"apotheosis:gem\",\"Count\":1,\"tag\":{\"affix_data\":{\"rarity\":\"apotheosis:ancient\"},\"gem_power\":1.0,\"gem\":\"apotheosis:core/ballast\",\"uuids\":[[-616995370,1844005104,-1908495127,-1079902259]]}},{\"id\":\"apotheosis:gem\",\"Count\":61,\"tag\":{\"affix_data\":{\"rarity\":\"apotheosis:ancient\"},\"gem_power\":1.0,\"gem\":\"apotheosis:core/guardian\",\"uuids\":[[1007249531,-1865789968,-1501924672,289929569]]}}],\"sockets\":3},\"Enchantments\":[{\"lvl\":10,\"id\":\"minecraft:sharpness\"},{\"lvl\":1,\"id\":\"minecraft:mending\"},{\"lvl\":3,\"id\":\"apotheosis:scavenger\"},{\"lvl\":8,\"id\":\"minecraft:sweeping\"},{\"lvl\":8,\"id\":\"minecraft:unbreaking\"},{\"lvl\":8,\"id\":\"minecraft:looting\"},{\"lvl\":10,\"id\":\"apotheosis:bane_of_illagers\"}]}}","{\"id\":\"traveloptics:flames_of_eldritch\",\"Count\":1,\"tag\":{\"ISB_Spells\":{\"maxSpells\":1,\"mustEquip\":0,\"data\":[{\"index\":0,\"id\":\"traveloptics:burning_judgment\",\"locked\":1,\"level\":6}],\"spellWheel\":1},\"gems_count\":3,\"affix_data\":{\"gems\":[{\"id\":\"apotheosis:gem\",\"Count\":1,\"tag\":{\"affix_data\":{\"rarity\":\"apotheosis:ancient\"},\"gem_power\":1.0,\"gem\":\"apotheosis:core/ballast\",\"uuids\":[[-24448768,578702832,-1134610270,-1900319578]]}},{\"id\":\"apotheosis:gem\",\"Count\":1,\"tag\":{\"affix_data\":{\"rarity\":\"apotheosis:ancient\"},\"gem_power\":1.0,\"gem\":\"apotheosis:core/ballast\",\"uuids\":[[285486794,-869708390,-2106132669,-559209953]]}},{\"id\":\"apotheosis:gem\",\"Count\":60,\"tag\":{\"affix_data\":{\"rarity\":\"apotheosis:ancient\"},\"gem_power\":1.0,\"gem\":\"apotheosis:core/guardian\",\"uuids\":[[-1255591236,-140820274,-1987244422,-774834562]]}}],\"sockets\":3},\"Enchantments\":[{\"lvl\":10,\"id\":\"minecraft:sharpness\"},{\"lvl\":1,\"id\":\"minecraft:mending\"},{\"lvl\":3,\"id\":\"apotheosis:scavenger\"},{\"lvl\":8,\"id\":\"minecraft:sweeping\"},{\"lvl\":8,\"id\":\"minecraft:unbreaking\"},{\"lvl\":8,\"id\":\"minecraft:looting\"},{\"lvl\":10,\"id\":\"apotheosis:bane_of_illagers\"}]}}","{\"id\":\"traveloptics:thorns_of_oblivion\",\"Count\":1,\"tag\":{\"ISB_Spells\":{\"maxSpells\":1,\"mustEquip\":0,\"data\":[{\"index\":0,\"id\":\"irons_spellbooks:blight\",\"locked\":1,\"level\":8}],\"spellWheel\":1},\"gems_count\":3,\"affix_data\":{\"gems\":[{\"id\":\"apotheosis:gem\",\"Count\":1,\"tag\":{\"affix_data\":{\"rarity\":\"apotheosis:ancient\"},\"gem_power\":1.0,\"gem\":\"apotheosis:core/ballast\",\"uuids\":[[2088595374,-15382588,-1924404665,-2037542178]]}},{\"id\":\"apotheosis:gem\",\"Count\":1,\"tag\":{\"affix_data\":{\"rarity\":\"apotheosis:ancient\"},\"gem_power\":1.0,\"gem\":\"apotheosis:core/ballast\",\"uuids\":[[-2061541244,-1217967104,-1234353847,1744956577]]}},{\"id\":\"apotheosis:gem\",\"Count\":63,\"tag\":{\"affix_data\":{\"rarity\":\"apotheosis:ancient\"},\"gem_power\":1.0,\"gem\":\"apotheosis:core/guardian\",\"uuids\":[[-415617116,1260276471,-1440565716,-754939591]]}}],\"sockets\":3},\"Enchantments\":[{\"lvl\":10,\"id\":\"minecraft:sharpness\"},{\"lvl\":1,\"id\":\"minecraft:mending\"},{\"lvl\":3,\"id\":\"apotheosis:scavenger\"},{\"lvl\":8,\"id\":\"minecraft:sweeping\"},{\"lvl\":8,\"id\":\"minecraft:unbreaking\"},{\"lvl\":8,\"id\":\"minecraft:looting\"},{\"lvl\":10,\"id\":\"apotheosis:bane_of_illagers\"}]}}","{\"id\":\"traveloptics:abyssal_tidecaller\",\"Count\":1,\"tag\":{\"ISB_Spells\":{\"maxSpells\":1,\"mustEquip\":0,\"data\":[{\"index\":0,\"id\":\"traveloptics:shadowed_miasma\",\"locked\":1,\"level\":3}],\"spellWheel\":1},\"gems_count\":3,\"affix_data\":{\"gems\":[{\"id\":\"apotheosis:gem\",\"Count\":1,\"tag\":{\"affix_data\":{\"rarity\":\"apotheosis:ancient\"},\"gem_power\":1.0,\"gem\":\"apotheosis:core/ballast\",\"uuids\":[[879080125,-300268951,-1890344292,1231602130]]}},{\"id\":\"apotheosis:gem\",\"Count\":1,\"tag\":{\"affix_data\":{\"rarity\":\"apotheosis:ancient\"},\"gem_power\":1.0,\"gem\":\"apotheosis:core/ballast\",\"uuids\":[[146941775,-2018426480,-2008397123,759496952]]}},{\"id\":\"apotheosis:gem\",\"Count\":33,\"tag\":{\"affix_data\":{\"rarity\":\"apotheosis:ancient\"},\"gem_power\":1.0,\"gem\":\"apotheosis:core/ballast\",\"uuids\":[[-1188336777,-1154988687,-1399159364,899940002]]}}],\"sockets\":3},\"Enchantments\":[{\"lvl\":10,\"id\":\"minecraft:sharpness\"},{\"lvl\":1,\"id\":\"minecraft:mending\"},{\"lvl\":3,\"id\":\"apotheosis:scavenger\"},{\"lvl\":8,\"id\":\"minecraft:sweeping\"},{\"lvl\":8,\"id\":\"minecraft:unbreaking\"},{\"lvl\":8,\"id\":\"minecraft:looting\"},{\"lvl\":10,\"id\":\"apotheosis:bane_of_illagers\"}]}}","{\"id\":\"traveloptics:gauntlet_of_extinction\",\"Count\":1,\"tag\":{\"ISB_Spells\":{\"maxSpells\":1,\"mustEquip\":0,\"data\":[{\"index\":0,\"id\":\"traveloptics:extinction\",\"locked\":1,\"level\":1}],\"spellWheel\":1},\"gems_count\":3,\"affix_data\":{\"gems\":[{\"id\":\"apotheosis:gem\",\"Count\":1,\"tag\":{\"affix_data\":{\"rarity\":\"apotheosis:ancient\"},\"gem_power\":1.0,\"gem\":\"apotheosis:core/ballast\",\"uuids\":[[-1618726410,835079679,-1982438803,-1727736507]]}},{\"id\":\"apotheosis:gem\",\"Count\":1,\"tag\":{\"affix_data\":{\"rarity\":\"apotheosis:ancient\"},\"gem_power\":1.0,\"gem\":\"apotheosis:core/ballast\",\"uuids\":[[317687064,-2076423301,-1804670800,-970470145]]}},{\"id\":\"apotheosis:gem\",\"Count\":32,\"tag\":{\"affix_data\":{\"rarity\":\"apotheosis:ancient\"},\"gem_power\":1.0,\"gem\":\"apotheosis:core/ballast\",\"uuids\":[[-350287689,299057430,-1777972117,1290090838]]}}],\"sockets\":3},\"Enchantments\":[{\"lvl\":10,\"id\":\"minecraft:sharpness\"},{\"lvl\":1,\"id\":\"minecraft:mending\"},{\"lvl\":3,\"id\":\"apotheosis:scavenger\"},{\"lvl\":8,\"id\":\"minecraft:sweeping\"},{\"lvl\":8,\"id\":\"minecraft:unbreaking\"},{\"lvl\":8,\"id\":\"minecraft:looting\"},{\"lvl\":10,\"id\":\"apotheosis:bane_of_illagers\"}]}}","{\"id\":\"traveloptics:cursed_wraithblade\",\"Count\":1,\"tag\":{\"ISB_Spells\":{\"maxSpells\":1,\"mustEquip\":0,\"data\":[{\"index\":0,\"id\":\"traveloptics:cursed_blast\",\"locked\":1,\"level\":1}],\"spellWheel\":1},\"gems_count\":3,\"affix_data\":{\"gems\":[{\"id\":\"apotheosis:gem\",\"Count\":1,\"tag\":{\"affix_data\":{\"rarity\":\"apotheosis:ancient\"},\"gem_power\":1.0,\"gem\":\"apotheosis:core/ballast\",\"uuids\":[[-1999155866,-1792327413,-1428072800,-1728761534]]}},{\"id\":\"apotheosis:gem\",\"Count\":1,\"tag\":{\"affix_data\":{\"rarity\":\"apotheosis:ancient\"},\"gem_power\":1.0,\"gem\":\"apotheosis:core/ballast\",\"uuids\":[[817342469,230311446,-1631766385,-1347407906]]}},{\"id\":\"apotheosis:gem\",\"Count\":31,\"tag\":{\"affix_data\":{\"rarity\":\"apotheosis:ancient\"},\"gem_power\":1.0,\"gem\":\"apotheosis:core/ballast\",\"uuids\":[[1074557224,-103725365,-1590196095,157814397]]}}],\"sockets\":3},\"Enchantments\":[{\"lvl\":10,\"id\":\"minecraft:sharpness\"},{\"lvl\":3,\"id\":\"apotheosis:scavenger\"},{\"lvl\":8,\"id\":\"minecraft:sweeping\"},{\"lvl\":8,\"id\":\"minecraft:looting\"},{\"lvl\":10,\"id\":\"apotheosis:bane_of_illagers\"}]}}","{\"id\":\"traveloptics:harbingers_wrath\",\"Count\":1,\"tag\":{\"ISB_Spells\":{\"maxSpells\":1,\"mustEquip\":0,\"data\":[{\"index\":0,\"id\":\"traveloptics:em_pulse\",\"locked\":1,\"level\":5}],\"spellWheel\":1},\"gems_count\":3,\"affix_data\":{\"gems\":[{\"id\":\"apotheosis:gem\",\"Count\":1,\"tag\":{\"affix_data\":{\"rarity\":\"apotheosis:ancient\"},\"gem_power\":1.0,\"gem\":\"apotheosis:core/ballast\",\"uuids\":[[406401886,-2003874418,-2041979475,446855772]]}},{\"id\":\"apotheosis:gem\",\"Count\":1,\"tag\":{\"affix_data\":{\"rarity\":\"apotheosis:ancient\"},\"gem_power\":1.0,\"gem\":\"apotheosis:core/ballast\",\"uuids\":[[357438933,229853258,-1632318042,-1211406621]]}},{\"id\":\"apotheosis:gem\",\"Count\":62,\"tag\":{\"affix_data\":{\"rarity\":\"apotheosis:ancient\"},\"gem_power\":1.0,\"gem\":\"apotheosis:core/guardian\",\"uuids\":[[-855484527,2021871051,-1529545922,-496283192]]}}],\"sockets\":3},\"Enchantments\":[{\"lvl\":10,\"id\":\"minecraft:sharpness\"},{\"lvl\":3,\"id\":\"apotheosis:scavenger\"},{\"lvl\":8,\"id\":\"minecraft:sweeping\"},{\"lvl\":8,\"id\":\"minecraft:looting\"},{\"lvl\":10,\"id\":\"apotheosis:bane_of_illagers\"}]}}"]}