{
	"index": 6,
	"attributes": {
		"generic.max_health": 22,
                "generic.movement_speed": 0.12,
		"paraglider:max_stamina": 28
	},
	"starting_skills": [
		"epicfight:emergency_escape"
	],
	"items": [
		{
			"id": "minecraft:bow",
			"slot": "mainhand"
		},
		{
			"id": "minecraft:bread",
			"count": 12,
			"slot": "mainhand"
		},
		{
			"id": "minecraft:arrow",
			"count": 16,
			"slot": "mainhand"
		},
                {       
                        "id":"coins_and_randoms_loot:astral_gauntlet"
                },
		{
			"id": "spartanweaponry:silver_flanged_mace",
			"slot": "offhand"
		}
	],
	"animation": "epicfight:biped/living/sneak",
	"offset": [0, 0]
}