{
  "index": 2,
  "attributes": {
    "generic.max_health": 30,
    "generic.armor": 6,
    "generic.movement_speed": 0.06,
    "paraglider:max_stamina": 10
  },
  "starting_skills": [
    "epicfight:roll",
    "epicfight:endurance"
  ],
  "items": [
    {
      "id": "spartanshields:tin_tower_shield",
      "slot": "offhand"
    },
    {
      "id": "spartanweaponry:tin_battle_hammer",
      "slot": "mainhand"
    },
    {
      "id": "minecraft:bread",
      "count": 6
    },
    {       
      "id":"coins_and_randoms_loot:heart_of_the_iron_titan"
    }
  ],
  "animation": "epicfight:biped/combat/sword_auto1",
  "offset": [0, 0]
}
