{
  "index": 0,
  "attributes": {
    "generic.max_health": 20,
    "generic.attack_damage": 2,
    "generic.armor": 2,
    "generic.movement_speed": 0.09,
    "paraglider:max_stamina": 28
  },
  "starting_skills": [
    "epicfight:roll"
  ],
  "items": [
    {
      "id": "spartanweaponry:tin_katana",
      "slot": "mainhand"
    },
    {
      "id": "minecraft:bread",
      "count": 6
    },
    {       
      "id":"coins_and_randoms_loot:mask_of_the_old_demons"
    }
  ],
  "animation": "epicfight:biped/combat/sword_auto3",
  "offset": [0, 0]
}
