{
  "fmlloader-1.20.1-47.4.0.jar (modloader)": {
    "jarName": "fmlloader-1.20.1-47.4.0.jar (modloader)",
    "modId": "forge",
    "version": "fmlloader-1.20.1-47.4.0.jar"
  },
  "accessories-neoforge-1.0.0-beta.48+1.20.1.jar": {
    "jarName": "accessories-neoforge-1.0.0-beta.48+1.20.1.jar",
    "modId": "accessories",
    "version": "1.0.0-beta48+1.20.1",
    "curseForgeHash": 326780004,
    "modrinthHash": "22d8aed468ce41b78389b801cec1cd33faa5edb5"
  },
  "AdditionalStructures-1.20.x-(v.4.2.2).jar": {
    "jarName": "AdditionalStructures-1.20.x-(v.4.2.2).jar",
    "modId": "additionalstructures",
    "version": "4.2.2",
    "curseForgeHash": 1992702640,
    "modrinthHash": "b0a03635fe02ecafdbf60782a5c6459149bf7f2a"
  },
  "AdvancementPlaques-1.20.1-forge-1.6.9.jar": {
    "jarName": "AdvancementPlaques-1.20.1-forge-1.6.9.jar",
    "modId": "advancementplaques",
    "version": "1.6.9",
    "curseForgeHash": 3976605015,
    "modrinthHash": "6e7b01db61f9646977bd06e9d85492a667d4a8bd"
  },
  "alexscaves-2.0.2.jar": {
    "jarName": "alexscaves-2.0.2.jar",
    "modId": "alexscaves",
    "version": "2.0.2",
    "curseForgeHash": 3087031510,
    "modrinthHash": "a1e5c7b7c7eadda4c8e954acbcbaf75a7b500d53"
  },
  "alexscavesbettercombat.jar": {
    "jarName": "alexscavesbettercombat.jar",
    "modId": "alexscavesbettercombat",
    "version": "1.0",
    "curseForgeHash": 166467931,
    "modrinthHash": "c31b52cf3e5dcd95ed6456b02a8133fb7e9ec53f"
  },
  "alexscavesdelight-1.0.27-final.jar": {
    "jarName": "alexscavesdelight-1.0.27-final.jar",
    "modId": "alexscavesdelight",
    "version": "1.0.27-final",
    "curseForgeHash": 1694993440,
    "modrinthHash": "94ed216a12ee0c477801ac2153179380b8fe7246"
  },
  "alexsdelight-1.5.jar": {
    "jarName": "alexsdelight-1.5.jar",
    "modId": "alexsdelight",
    "version": "1.5",
    "curseForgeHash": 710839485,
    "modrinthHash": "ef7049ba6f16df22c8d98dd4dad2d9dc2aa6b6ba"
  },
  "alexsmobs-1.22.9.jar": {
    "jarName": "alexsmobs-1.22.9.jar",
    "modId": "alexsmobs",
    "version": "1.22.9",
    "curseForgeHash": 1000930585,
    "modrinthHash": "dbf93d2f1da19e16739e91e8ea0fc6f4bc2f228f"
  },
  "alltheleaks-1.1.1+1.20.1-forge.jar": {
    "jarName": "alltheleaks-1.1.1+1.20.1-forge.jar",
    "modId": "alltheleaks",
    "version": "1.1.1+1.20.1-forge",
    "curseForgeHash": 1225915087,
    "modrinthHash": "3c43c2e76093dc7ef5ad6e456d20da9674c653aa"
  },
  "AmbientSounds_FORGE_v6.3.4_mc1.20.1.jar": {
    "jarName": "AmbientSounds_FORGE_v6.3.4_mc1.20.1.jar",
    "modId": "ambientsounds",
    "version": "6.3.4",
    "curseForgeHash": 2803957593,
    "modrinthHash": "e84e7053c4c3a73c7f608c9da516bb5d393aab60"
  },
  "amwplushies-forge-1.20.1-4.4.0.jar": {
    "jarName": "amwplushies-forge-1.20.1-4.4.0.jar",
    "modId": "a_man_with_plushies",
    "version": "4.4.0",
    "curseForgeHash": 597339096,
    "modrinthHash": "d2f180894abd120db1e637eb735e55a64e976adc"
  },
  "ancientstructures-forge-1.20.1-0.0.13.jar": {
    "jarName": "ancientstructures-forge-1.20.1-0.0.13.jar",
    "modId": "ancientstructures",
    "version": "0.0.13",
    "curseForgeHash": 1087065060,
    "modrinthHash": "affadba13ef131e99d3eb15805d5b33df41794f1"
  },
  "annihilation-recreated-r1.1.2_mc1.20.1.jar": {
    "jarName": "annihilation-recreated-r1.1.2_mc1.20.1.jar",
    "modId": "mr_annihilation_recreated",
    "version": "1-r1.1.2_mc1.20.1",
    "curseForgeHash": 431342128,
    "modrinthHash": "e67c20de6ada0d034381c8d6f74290689b2a0d49"
  },
  "Apotheosis-1.20.1-7.4.8.jar": {
    "jarName": "Apotheosis-1.20.1-7.4.8.jar",
    "modId": "apotheosis",
    "version": "7.4.8",
    "curseForgeHash": 4213312087,
    "modrinthHash": "e508c4724a24f0c80836818fcdd3df6424b1fc40"
  },
  "ApothicAttributes-1.20.1-1.3.7.jar": {
    "jarName": "ApothicAttributes-1.20.1-1.3.7.jar",
    "modId": "attributeslib",
    "version": "1.3.7",
    "curseForgeHash": 2709009994,
    "modrinthHash": "1dc0744d17f0861fe6b067798d39abce9d8e0e86"
  },
  "ApothicCurios-1.20.1-1.0.3e.jar": {
    "jarName": "ApothicCurios-1.20.1-1.0.3e.jar",
    "modId": "apothiccurios",
    "version": "1.0.3e",
    "curseForgeHash": 3703138644,
    "modrinthHash": "77427f10fdce834ce1f54492556f7a10c2f41a03"
  },
  "architectury-9.2.14-forge.jar": {
    "jarName": "architectury-9.2.14-forge.jar",
    "modId": "architectury",
    "version": "9.2.14",
    "curseForgeHash": 98480002,
    "modrinthHash": "a52918a500ff421180a1cbd1a0cabee712134ec4"
  },
  "Armor of the Ages-forge-1.20.1-1.3.11.jar": {
    "jarName": "Armor of the Ages-forge-1.20.1-1.3.11.jar",
    "modId": "armoroftheages",
    "version": "1.3.11",
    "curseForgeHash": 709044968,
    "modrinthHash": "4fe4d825f962c2b924c292ce931ee28217a10ab4"
  },
  "Atlas Lib-1.20.1-1.1.12.jar": {
    "jarName": "Atlas Lib-1.20.1-1.1.12.jar",
    "modId": "atlaslib",
    "version": "1.1.12",
    "curseForgeHash": 1355443815,
    "modrinthHash": "17534bfd6878afc2da5d990fe6fc348b2606530c"
  },
  "AttributeFix-Forge-1.20.1-21.0.4.jar": {
    "jarName": "AttributeFix-Forge-1.20.1-21.0.4.jar",
    "modId": "attributefix",
    "version": "21.0.4",
    "curseForgeHash": 381211649,
    "modrinthHash": "6eb69343eb21d38f95d1b1d00e6bc777bdb336fa"
  },
  "attributizer-3.1.jar": {
    "jarName": "attributizer-3.1.jar",
    "modId": "attributizer",
    "version": "3.1",
    "curseForgeHash": 63885764,
    "modrinthHash": "c6a43bb40d8359bff53d6e643564bf25b71522c3"
  },
  "awesomedungeonend-forge-1.20.1-3.1.1.jar": {
    "jarName": "awesomedungeonend-forge-1.20.1-3.1.1.jar",
    "modId": "awesomedungeonend",
    "version": "3.1.1",
    "curseForgeHash": 2813102022,
    "modrinthHash": "7dde322931dab5c24bbf7ef928f4e501f0f09581"
  },
  "azurelib-neo-1.20.1-3.1.3.jar": {
    "jarName": "azurelib-neo-1.20.1-3.1.3.jar",
    "modId": "azurelib",
    "version": "3.1.3",
    "curseForgeHash": 1668362222,
    "modrinthHash": "37ba8009f7d44db5701738462acc0874e828cf8c"
  },
  "BadMobs-1.20.1-19.0.4.jar": {
    "jarName": "BadMobs-1.20.1-19.0.4.jar",
    "modId": "badmobs",
    "version": "19.0.4",
    "curseForgeHash": 3818215639,
    "modrinthHash": "100f29f6c425688bcbd77d1a3b99b12e18f019cd"
  },
  "balm-forge-1.20.1-7.3.38-all.jar": {
    "jarName": "balm-forge-1.20.1-7.3.38-all.jar",
    "modId": "balm",
    "version": "7.3.38",
    "curseForgeHash": 3717034118,
    "modrinthHash": "515905f87268f1eb5af2a9878a84914517efe552"
  },
  "betterchunkloading-1.20.1-5.4.jar": {
    "jarName": "betterchunkloading-1.20.1-5.4.jar",
    "modId": "betterchunkloading",
    "version": "1.20.1-5.4",
    "curseForgeHash": 1208386908,
    "modrinthHash": "cd7e61a4f5eca956094e0844560382ca58d79bc6"
  },
  "bettercombat-forge-1.9.0+1.20.1.jar": {
    "jarName": "bettercombat-forge-1.9.0+1.20.1.jar",
    "modId": "bettercombat",
    "version": "1.9.0+1.20.1",
    "curseForgeHash": 1449708850,
    "modrinthHash": "ea7e7247132cb3acacadd96b2b6b635c4cc63a74"
  },
  "betterendcities-1.0.0-1.20.1.jar": {
    "jarName": "betterendcities-1.0.0-1.20.1.jar",
    "modId": "betterendcities",
    "version": "1.0.0-1.20.1",
    "curseForgeHash": 3225702455,
    "modrinthHash": "be5951d1f64cbac1f1d5a60e415f6e7bd90551d4"
  },
  "betterfpsdist-1.20.1-6.0.jar": {
    "jarName": "betterfpsdist-1.20.1-6.0.jar",
    "modId": "betterfpsdist",
    "version": "1.20.1-6.0",
    "curseForgeHash": 514915357,
    "modrinthHash": "8e4fe2cd85c08c24ab363b47a63d1c872fc3cc1e"
  },
  "BetterThirdPerson-Forge-1.20-1.9.0.jar": {
    "jarName": "BetterThirdPerson-Forge-1.20-1.9.0.jar",
    "modId": "betterthirdperson",
    "version": "1.9.0",
    "curseForgeHash": 3277503590,
    "modrinthHash": "0b0a3ff3b244fa191b3f9580547071dee46f7276"
  },
  "bettervillage-forge-1.20.1-3.3.1-all.jar": {
    "jarName": "bettervillage-forge-1.20.1-3.3.1-all.jar",
    "modId": "bettervillage",
    "version": "3.3.1",
    "curseForgeHash": 1644471708,
    "modrinthHash": "0c2f647cec98c3a4ca6d05b7a2f14962e66ad824"
  },
  "BiomesOPlenty-1.20.1-18.0.0.592.jar": {
    "jarName": "BiomesOPlenty-1.20.1-18.0.0.592.jar",
    "modId": "biomesoplenty",
    "version": "18.0.0.592",
    "curseForgeHash": 1202155165,
    "modrinthHash": "15072eb39c35a3f845d4bb04690d4b7f1808a980"
  },
  "blueprint-1.20.1-7.1.3.jar": {
    "jarName": "blueprint-1.20.1-7.1.3.jar",
    "modId": "blueprint",
    "version": "7.1.3",
    "curseForgeHash": 2155548073,
    "modrinthHash": "fdf9cb568546e80485ea4402a39656ed9acfa991"
  },
  "BOMD-Forge-1.20.1-1.1.1.jar": {
    "jarName": "BOMD-Forge-1.20.1-1.1.1.jar",
    "modId": "bosses_of_mass_destruction",
    "version": "1.1.1",
    "curseForgeHash": 1257147892,
    "modrinthHash": "9b8216708a3bbd909c27a633d89cfc68ba5cfc64"
  },
  "Bookshelf-Forge-1.20.1-20.2.13.jar": {
    "jarName": "Bookshelf-Forge-1.20.1-20.2.13.jar",
    "modId": "bookshelf",
    "version": "20.2.13",
    "curseForgeHash": 2325681367,
    "modrinthHash": "c53d9eb5ce9e8ef0f2ea9b11e478d84ce958c3e5"
  },
  "bosstitles-1.1.0-forge-1.20.1.jar": {
    "jarName": "bosstitles-1.1.0-forge-1.20.1.jar",
    "modId": "bosstitles",
    "version": "1.1.0",
    "curseForgeHash": 1424819356,
    "modrinthHash": "039b894c4aac565eed4bd6ca4dcafcd171e47e51"
  },
  "caelus-forge-3.2.0+1.20.1.jar": {
    "jarName": "caelus-forge-3.2.0+1.20.1.jar",
    "modId": "caelus",
    "version": "3.2.0+1.20.1",
    "curseForgeHash": 2212904341,
    "modrinthHash": "fa834f140bf7dce7b67c29b46cb531f4309d3209"
  },
  "cataclysmiccombat-1.4.1-1.20.1.jar": {
    "jarName": "cataclysmiccombat-1.4.1-1.20.1.jar",
    "modId": "cataclysmiccombat",
    "version": "1.4",
    "curseForgeHash": 652383984,
    "modrinthHash": "f455a6e260afa4903703f8b063ecbc6c494887d2"
  },
  "celestisynth-1.20.1-1.3.3-all.jar": {
    "jarName": "celestisynth-1.20.1-1.3.3-all.jar",
    "modId": "celestisynth",
    "version": "1.20.1-1.3.3",
    "curseForgeHash": 1185715573,
    "modrinthHash": "587d9980e695dc0c1bb4f6bcc3892cda0eb2a135"
  },
  "CerbonsApi-Forge-1.20.1-1.0.0.jar": {
    "jarName": "CerbonsApi-Forge-1.20.1-1.0.0.jar",
    "modId": "cerbons_api",
    "version": "1.0.0",
    "curseForgeHash": 728808811,
    "modrinthHash": "331687b0f8ca6410d9fa24a64c10ccad77f770ec"
  },
  "cinematiczoom-1.0.0k.jar": {
    "jarName": "cinematiczoom-1.0.0k.jar",
    "modId": "cinematiczoom",
    "version": "1.0.0j",
    "curseForgeHash": 1888284355,
    "modrinthHash": "486e008b48e063049fa2d8c83cfdc1db3e5819e4"
  },
  "citadel-2.6.3-1.20.1.jar": {
    "jarName": "citadel-2.6.3-1.20.1.jar",
    "modId": "citadel",
    "version": "2.6.3",
    "curseForgeHash": 1762571121,
    "modrinthHash": "fb0b1fa96ce28e4be77b38ad95d83c3da7ec8316"
  },
  "classicbar-1.20.1-4.jar": {
    "jarName": "classicbar-1.20.1-4.jar",
    "modId": "classicbar",
    "version": "1.20.1-4",
    "curseForgeHash": 1954028609,
    "modrinthHash": "7f7c247cdafddf0472eda531b281dd9bcfbd7f60"
  },
  "cloth-config-11.1.136-forge.jar": {
    "jarName": "cloth-config-11.1.136-forge.jar",
    "modId": "cloth_config",
    "version": "11.1.136",
    "curseForgeHash": 635589968,
    "modrinthHash": "c65d07748acc57ceb45d53b3964368b84f34d54f"
  },
  "Clumps-forge-1.20.1-12.0.0.4.jar": {
    "jarName": "Clumps-forge-1.20.1-12.0.0.4.jar",
    "modId": "clumps",
    "version": "12.0.0.4",
    "curseForgeHash": 1243520454,
    "modrinthHash": "97cc669f68dbe812cb77cc3631339334fc28b877"
  },
  "cobweb-forge-1.20.1-1.0.1.jar": {
    "jarName": "cobweb-forge-1.20.1-1.0.1.jar",
    "modId": "cobweb",
    "version": "1.0.1",
    "curseForgeHash": 3246400390,
    "modrinthHash": "607bbb82656d28ddfaa5ef2ec6e9c413859f5956"
  },
  "coins_and_randoms_loot-1.1.2.jar": {
    "jarName": "coins_and_randoms_loot-1.1.2.jar",
    "modId": "coins_and_randoms_loot",
    "version": "1.0.0",
    "curseForgeHash": 3259408873,
    "modrinthHash": "655d1a9ccdbf5f7284d34d7f0769bc566ff1428c"
  },
  "collective-1.20.1-8.13.jar": {
    "jarName": "collective-1.20.1-8.13.jar",
    "modId": "collective",
    "version": "8.13",
    "curseForgeHash": 1813952632,
    "modrinthHash": "74b917dd99cd97b2f0480628a1b56958f5e0f5ad"
  },
  "combatroll-forge-1.3.3+1.20.1.jar": {
    "jarName": "combatroll-forge-1.3.3+1.20.1.jar",
    "modId": "combatroll",
    "version": "1.3.3+1.20.1",
    "curseForgeHash": 1215035198,
    "modrinthHash": "4ff92ecd8df9b5a280330f68ef9c7a8a2300b23f"
  },
  "connectivity-1.20.1-7.6.jar": {
    "jarName": "connectivity-1.20.1-7.6.jar",
    "modId": "connectivity",
    "version": "1.20.1-7.6",
    "curseForgeHash": 2626029621,
    "modrinthHash": "ae69a0712c73411a2d804eec7abce271529e273d"
  },
  "constructionwand-1.20.1-2.11.jar": {
    "jarName": "constructionwand-1.20.1-2.11.jar",
    "modId": "constructionwand",
    "version": "1.20.1-2.11",
    "curseForgeHash": 1817683668,
    "modrinthHash": "80bd5223cd8984dc1038cb9f2d1cb6b97f31998a"
  },
  "Controlling-forge-1.20.1-12.0.2.jar": {
    "jarName": "Controlling-forge-1.20.1-12.0.2.jar",
    "modId": "controlling",
    "version": "12.0.2",
    "curseForgeHash": 2144346557,
    "modrinthHash": "f6d3cdd3ec68c5590cf5b2e89c38dbf031824bfd"
  },
  "coroutil-forge-1.20.1-1.3.7.jar": {
    "jarName": "coroutil-forge-1.20.1-1.3.7.jar",
    "modId": "coroutil",
    "version": "1.20.1-1.3.7",
    "curseForgeHash": 1380297823,
    "modrinthHash": "7f5f0b62a638b6053c95919cbe8c2bea2e0c93d0"
  },
  "cosmeticarmorreworked-1.20.1-v1a.jar": {
    "jarName": "cosmeticarmorreworked-1.20.1-v1a.jar",
    "modId": "cosmeticarmorreworked",
    "version": "1.20.1-v1a",
    "curseForgeHash": 3614955629,
    "modrinthHash": "afd9fa3fe95e8c086e8d439df403ed1e5ea5cbea"
  },
  "CrashAssistant-forge-1.19-1.20.1-1.10.28.jar": {
    "jarName": "CrashAssistant-forge-1.19-1.20.1-1.10.28.jar",
    "modId": "crash_assistant",
    "version": "1.10.28",
    "curseForgeHash": 2399972476,
    "modrinthHash": "ff33e66ea1d828f0a5de39cf31d765e75d0a3859"
  },
  "create-1.20.1-6.0.8.jar": {
    "jarName": "create-1.20.1-6.0.8.jar",
    "modId": "create",
    "version": "6.0.8",
    "curseForgeHash": 2156032012,
    "modrinthHash": "b13d912b9247a38d66d11598c121442585a1c1e9"
  },
  "CreativeCore_FORGE_v2.12.32_mc1.20.1.jar": {
    "jarName": "CreativeCore_FORGE_v2.12.32_mc1.20.1.jar",
    "modId": "creativecore",
    "version": "2.12.32",
    "curseForgeHash": 4224935666,
    "modrinthHash": "d49e8c29748677d0a530432f1c1bda4e9865da00"
  },
  "csgobox-2.0.1.jar": {
    "jarName": "csgobox-2.0.1.jar",
    "modId": "csgobox",
    "version": "2.0.1",
    "curseForgeHash": 4228214664,
    "modrinthHash": "cbba117587d89c791ab66d581b17082c8d023875"
  },
  "cupboard-1.20.1-2.7.jar": {
    "jarName": "cupboard-1.20.1-2.7.jar",
    "modId": "cupboard",
    "version": "1.20.1-2.7",
    "curseForgeHash": 4091473499,
    "modrinthHash": "204bc8aa83e8a685f64311b72d55505ab2eca867"
  },
  "curios-forge-5.14.1+1.20.1.jar": {
    "jarName": "curios-forge-5.14.1+1.20.1.jar",
    "modId": "curios",
    "version": "5.14.1+1.20.1",
    "curseForgeHash": 1288931317,
    "modrinthHash": "452175b95ad3db6ff58bb8968f6bf7a9d1e0f480"
  },
  "dacxirons-1.5.3emergencyfix.jar": {
    "jarName": "dacxirons-1.5.3emergencyfix.jar",
    "modId": "dacxirons",
    "version": "1.5.3emergencyfix",
    "curseForgeHash": 3208089188,
    "modrinthHash": "e6a213890ee5bf43efee63d855e574347f27bcbb"
  },
  "darkinventory-forge-1.20.1-1.0.6.jar": {
    "jarName": "darkinventory-forge-1.20.1-1.0.6.jar",
    "modId": "darkinventory",
    "version": "1.0.6",
    "curseForgeHash": 1853823654,
    "modrinthHash": "6115aa6c4a93bc0f1f49c9cf188d1e3da78bd3f0"
  },
  "darksleep-forge-1.20.1-1.0.0.jar": {
    "jarName": "darksleep-forge-1.20.1-1.0.0.jar",
    "modId": "darksleep",
    "version": "1.0.0",
    "curseForgeHash": 1188402900,
    "modrinthHash": "b01e146315b96329bc30fa118a8e722813b52d41"
  },
  "Data_Anchor-forge-1.20.1-1.0.0.20.jar": {
    "jarName": "Data_Anchor-forge-1.20.1-1.0.0.20.jar",
    "modId": "dataanchor",
    "version": "1.0.0.20",
    "curseForgeHash": 67469579,
    "modrinthHash": "f16089cc8af8e5dca8f5a14dc7bab11840d9b9a8"
  },
  "dawnoftimebuilder-forge-1.20.1-1.5.43.jar": {
    "jarName": "dawnoftimebuilder-forge-1.20.1-1.5.43.jar",
    "modId": "dawnoftimebuilder",
    "version": "1.5.43",
    "curseForgeHash": 586815007,
    "modrinthHash": "5d7931f17f160d2bd645e03620bf7a9406c49820"
  },
  "DC-Classes-1.20.1-1.1.5a.jar": {
    "jarName": "DC-Classes-1.20.1-1.1.5a.jar",
    "modId": "dcclasses",
    "version": "1.1.5a",
    "curseForgeHash": 995203231,
    "modrinthHash": "1f87877541d8d9eb17947c2642a24fa86678f197"
  },
  "deeperdarker-forge-1.20.1-1.3.3.jar": {
    "jarName": "deeperdarker-forge-1.20.1-1.3.3.jar",
    "modId": "deeperdarker",
    "version": "1.3.3",
    "curseForgeHash": 4225744846,
    "modrinthHash": "12f95fa85c62123140d1962702a97a3bb746bbf5"
  },
  "default_skill_trees-1.1.jar": {
    "jarName": "default_skill_trees-1.1.jar",
    "modId": "default_skill_trees",
    "version": "1.1",
    "curseForgeHash": 4236465901,
    "modrinthHash": "564a1320a4d26de1ad476687ce1920ccd12c142c"
  },
  "disenchanting_table-merged-1.20.1-5.0.2.jar": {
    "jarName": "disenchanting_table-merged-1.20.1-5.0.2.jar",
    "modId": "disenchanting_table",
    "version": "5.0.2",
    "curseForgeHash": 1445963938,
    "modrinthHash": "4e070c6111f26d5dae328a5253a760269aa12626"
  },
  "do_a_barrel_roll-forge-3.5.6+1.20.1.jar": {
    "jarName": "do_a_barrel_roll-forge-3.5.6+1.20.1.jar",
    "modId": "do_a_barrel_roll",
    "version": "3.5.6+1.20.1",
    "curseForgeHash": 4053708632,
    "modrinthHash": "08b58bfbdf20660bdc5a0c4a0b088f7d89f40a38"
  },
  "dragonfight-1.20.1-4.7.jar": {
    "jarName": "dragonfight-1.20.1-4.7.jar",
    "modId": "dragonfight",
    "version": "1.20.1-4.7",
    "curseForgeHash": 1136889345,
    "modrinthHash": "649c0c3493a2373b1298d4b89d8c1723ee67b11f"
  },
  "dragonfinder-1.20.1-1.0.0.jar": {
    "jarName": "dragonfinder-1.20.1-1.0.0.jar",
    "modId": "dragonfinder",
    "version": "1.20.1-1.0.0",
    "curseForgeHash": 2663574210,
    "modrinthHash": "288301d80ce443a3c8fe7c9cc1bd667bff003338"
  },
  "dragonseeker-1.2.0-1.20.1.jar": {
    "jarName": "dragonseeker-1.2.0-1.20.1.jar",
    "modId": "dragonseeker",
    "version": "1.2.0-1.20.1",
    "curseForgeHash": 618580060,
    "modrinthHash": "1c56662adba5ee9e1aa08cde332d22444a372dfc"
  },
  "dummmmmmy-1.20-2.0.9.jar": {
    "jarName": "dummmmmmy-1.20-2.0.9.jar",
    "modId": "dummmmmmy",
    "version": "1.20-2.0.9",
    "curseForgeHash": 375369757,
    "modrinthHash": "782d16edca6fa22fb72fa825cec39117bbb7e78a"
  },
  "Dungeon Crawl-1.20.1-2.3.15.jar": {
    "jarName": "Dungeon Crawl-1.20.1-2.3.15.jar",
    "modId": "dungeoncrawl",
    "version": "2.3.15",
    "curseForgeHash": 3170941169,
    "modrinthHash": "e17ebc9be0b3f0646f2de10563b72827442cc866"
  },
  "dungeons-and-taverns-3.0.3.f[Forge].jar": {
    "jarName": "dungeons-and-taverns-3.0.3.f[Forge].jar",
    "modId": "mr_dungeons_andtaverns",
    "version": "3.0.3.f",
    "curseForgeHash": 2455489755,
    "modrinthHash": "3f324242f3daf4785a8b9338f228679418f4870a"
  },
  "dungeons_and_combat-1.2.4-forge-1.20.1.jar": {
    "jarName": "dungeons_and_combat-1.2.4-forge-1.20.1.jar",
    "modId": "dungeons_and_combat",
    "version": "1.2.4",
    "curseForgeHash": 1064997701,
    "modrinthHash": "4b08c97972e1561efd61aed2c6d5a8c339b20ec3"
  },
  "easy-villagers-forge-1.20.1-1.1.23.jar": {
    "jarName": "easy-villagers-forge-1.20.1-1.1.23.jar",
    "modId": "easy_villagers",
    "version": "1.20.1-1.1.23",
    "curseForgeHash": 3352033021,
    "modrinthHash": "97690e4039eb71258892edde8b2da8661dffbf5c"
  },
  "EasyAnvils-v8.0.2-1.20.1-Forge.jar": {
    "jarName": "EasyAnvils-v8.0.2-1.20.1-Forge.jar",
    "modId": "easyanvils",
    "version": "8.0.2",
    "curseForgeHash": 1758431750,
    "modrinthHash": "d44a8b549b27713a92d59148729bf374ff3e25f0"
  },
  "ec_isasb_plugin-1.20.1-1.0.0-all.jar": {
    "jarName": "ec_isasb_plugin-1.20.1-1.0.0-all.jar",
    "modId": "ec_isasb_plugin",
    "version": "1.0.0",
    "curseForgeHash": 3947784333,
    "modrinthHash": "29786c43a0a3a9426f571eeba3c6b476796b4cef"
  },
  "eeeabsmobs-1.20.1-0.97-Fix.jar": {
    "jarName": "eeeabsmobs-1.20.1-0.97-Fix.jar",
    "modId": "eeeabsmobs",
    "version": "1.20.1-0.97",
    "curseForgeHash": 2775719409,
    "modrinthHash": "ceef31a3c3b5a1766f39378ce34fb1f00ad8aac5"
  },
  "elytratrims-forge-3.9.3+1.20.1.jar": {
    "jarName": "elytratrims-forge-3.9.3+1.20.1.jar",
    "modId": "elytratrims",
    "version": "3.9.3",
    "curseForgeHash": 1376864858,
    "modrinthHash": "b5c08f27ab121f1df24ca1f1086650f2db673cf3"
  },
  "embeddium-0.3.31+mc1.20.1.jar": {
    "jarName": "embeddium-0.3.31+mc1.20.1.jar",
    "modId": "embeddium",
    "version": "0.3.31+mc1.20.1",
    "curseForgeHash": 4281946638,
    "modrinthHash": "bb2fa8f3e493af16af9160d049f96c614a1faf2f"
  },
  "EnchantmentDescriptions-Forge-1.20.1-17.1.20.jar": {
    "jarName": "EnchantmentDescriptions-Forge-1.20.1-17.1.20.jar",
    "modId": "enchdesc",
    "version": "17.1.20",
    "curseForgeHash": 3529265314,
    "modrinthHash": "7942d3bf21a5060fb070f0809bf43a165b163fb5"
  },
  "endermanoverhaul-forge-1.20.1-1.0.4.jar": {
    "jarName": "endermanoverhaul-forge-1.20.1-1.0.4.jar",
    "modId": "endermanoverhaul",
    "version": "1.0.4",
    "curseForgeHash": 3681337800,
    "modrinthHash": "636a2b20a5973fcb80016370865cb4251e029b6a"
  },
  "endrem_forge-5.3.3-R-1.20.1.jar": {
    "jarName": "endrem_forge-5.3.3-R-1.20.1.jar",
    "modId": "endrem",
    "version": "5.3.3-R-1.20.1",
    "curseForgeHash": 1533249056,
    "modrinthHash": "b4df41de8439e834a493fe59842709ef33ecfa82"
  },
  "enhanced_boss_bars-1.20.1-1.0.0.jar": {
    "jarName": "enhanced_boss_bars-1.20.1-1.0.0.jar",
    "modId": "enhanced_boss_bars",
    "version": "1.20.1-1.0.0",
    "curseForgeHash": 3809100949,
    "modrinthHash": "8a709553a1eb98792b5db787dc57d132bc5b3971"
  },
  "EnhancedVisuals_FORGE_v1.8.2_mc1.20.1.jar": {
    "jarName": "EnhancedVisuals_FORGE_v1.8.2_mc1.20.1.jar",
    "modId": "enhancedvisuals",
    "version": "1.8.2",
    "curseForgeHash": 484254904,
    "modrinthHash": "780caf39421ccfc495d14cb287856ced97c32985"
  },
  "entity_model_features_1.20.1-forge-3.0.11.jar": {
    "jarName": "entity_model_features_1.20.1-forge-3.0.11.jar",
    "modId": "entity_model_features",
    "version": "3.0.11",
    "curseForgeHash": 506890188,
    "modrinthHash": "0da7a93046819bec71efe79cc4f7b8068711d038"
  },
  "entity_texture_features_1.20.1-forge-7.0.8.jar": {
    "jarName": "entity_texture_features_1.20.1-forge-7.0.8.jar",
    "modId": "entity_texture_features",
    "version": "7.0.8",
    "curseForgeHash": 2817167765,
    "modrinthHash": "0f401357dfa13ec8a300dc4f436d9f1164fc7044"
  },
  "entityculling-forge-1.9.5-mc1.20.1.jar": {
    "jarName": "entityculling-forge-1.9.5-mc1.20.1.jar",
    "modId": "entityculling",
    "version": "1.9.5",
    "curseForgeHash": 538559316,
    "modrinthHash": "524be2ed63e9f131a17393ead67cd3fddc97ca2b"
  },
  "epic-knights-1.20.1-forge-10.3.jar": {
    "jarName": "epic-knights-1.20.1-forge-10.3.jar",
    "modId": "magistuarmory",
    "version": "10.3",
    "curseForgeHash": 3998896350,
    "modrinthHash": "c4624ced068ca6f80f83a3ddf5e2304915fcc502"
  },
  "Essential_1-3-10-4_forge_1-20-1.jar": {
    "jarName": "Essential_1-3-10-4_forge_1-20-1.jar",
    "modId": "essential-container",
    "curseForgeHash": 333329814,
    "modrinthHash": "3b64d3c88569add8b8ab69e1a53ba26ba6ca26f1"
  },
  "expanded_combat-1.20.1-3.2.7-all.jar": {
    "jarName": "expanded_combat-1.20.1-3.2.7-all.jar",
    "modId": "expanded_combat",
    "version": "3.2.7",
    "curseForgeHash": 1329710199,
    "modrinthHash": "29de3f7ff659ac9c5ec8a5a765311d6fe46aaa63"
  },
  "ExplorersCompass-1.20.1-1.3.3-forge.jar": {
    "jarName": "ExplorersCompass-1.20.1-1.3.3-forge.jar",
    "modId": "explorerscompass",
    "version": "1.20.1-1.3.3-forge",
    "curseForgeHash": 2164055151,
    "modrinthHash": "4c327f26a44ab8d80d73961ff12700d120c4610c"
  },
  "fallingtrees-forge-mc1.20-0.13.2-SNAPSHOT.jar": {
    "jarName": "fallingtrees-forge-mc1.20-0.13.2-SNAPSHOT.jar",
    "modId": "fallingtrees",
    "version": "0.13.2",
    "curseForgeHash": 2456325457,
    "modrinthHash": "e787f81ddc9e8afea8d859d57776e212ab2b6ff4"
  },
  "fancymenu_forge_3.8.1_MC_1.20.1.jar": {
    "jarName": "fancymenu_forge_3.8.1_MC_1.20.1.jar",
    "modId": "fancymenu",
    "version": "3.8.1",
    "curseForgeHash": 3141943045,
    "modrinthHash": "1fef1d8ab0dc2dec116bc6d6cb6f789fd33b23b0"
  },
  "FarmersDelight-1.20.1-1.2.9.jar": {
    "jarName": "FarmersDelight-1.20.1-1.2.9.jar",
    "modId": "farmersdelight",
    "version": "1.20.1-1.2.9",
    "curseForgeHash": 4034486801,
    "modrinthHash": "ca9417c369e75d38dacdac59937223e5f6adcc18"
  },
  "fastasyncworldsave-1.20.1-2.6.jar": {
    "jarName": "fastasyncworldsave-1.20.1-2.6.jar",
    "modId": "fastasyncworldsave",
    "version": "1.20.1-2.6",
    "curseForgeHash": 1473382339,
    "modrinthHash": "3a3180f5fc9d1209ca0ad69084afe8ee42ba44d6"
  },
  "FastLeafDecay-32.jar": {
    "jarName": "FastLeafDecay-32.jar",
    "modId": "fastleafdecay",
    "version": "32",
    "curseForgeHash": 2287332168,
    "modrinthHash": "4a76af4ca71dd9939d3c21206792c0d5f75b93a7"
  },
  "ferritecore-6.0.1-forge.jar": {
    "jarName": "ferritecore-6.0.1-forge.jar",
    "modId": "ferritecore",
    "version": "6.0.1",
    "curseForgeHash": 2683111440,
    "modrinthHash": "417fb6ce8f52abf40bd9d0390371790f9576f8ba"
  },
  "framework-forge-1.20.1-0.7.15.jar": {
    "jarName": "framework-forge-1.20.1-0.7.15.jar",
    "modId": "framework",
    "version": "0.7.15",
    "curseForgeHash": 2701140336,
    "modrinthHash": "0963ba5c19634030dbf1358b5c5f5fb341fede73"
  },
  "fruitsdelight-1.1.1.jar": {
    "jarName": "fruitsdelight-1.1.1.jar",
    "modId": "fruitsdelight",
    "version": "1.1.1",
    "curseForgeHash": 4043884498,
    "modrinthHash": "3ecef6a32c36cffd14de39c3be7c5e16463781fd"
  },
  "ftb-library-forge-2001.2.12.jar": {
    "jarName": "ftb-library-forge-2001.2.12.jar",
    "modId": "ftblibrary",
    "version": "2001.2.12",
    "curseForgeHash": 3807919150,
    "modrinthHash": "7f36ec4af42ad1d69872c58022e93a9d1b9c82b7"
  },
  "ftb-quests-forge-2001.4.17.jar": {
    "jarName": "ftb-quests-forge-2001.4.17.jar",
    "modId": "ftbquests",
    "version": "2001.4.17",
    "curseForgeHash": 1887235832,
    "modrinthHash": "f7e4fec8991ce2b036ed4628e01fb48446a25ec7"
  },
  "ftb-teams-forge-2001.3.1.jar": {
    "jarName": "ftb-teams-forge-2001.3.1.jar",
    "modId": "ftbteams",
    "version": "2001.3.1",
    "curseForgeHash": 1240744296,
    "modrinthHash": "c2af94e0b86631cb75daa8de2377ff72527651ca"
  },
  "ftb-ultimine-forge-2001.1.7.jar": {
    "jarName": "ftb-ultimine-forge-2001.1.7.jar",
    "modId": "ftbultimine",
    "version": "2001.1.7",
    "curseForgeHash": 2751984927,
    "modrinthHash": "3cbefa29b387cebb85022cb0ff838fd54b67cf82"
  },
  "fusion-1.2.11c-forge-mc1.20.1.jar": {
    "jarName": "fusion-1.2.11c-forge-mc1.20.1.jar",
    "modId": "fusion",
    "version": "1.2.11+c",
    "curseForgeHash": 2434900653,
    "modrinthHash": "f665d7798eee078084585238ec53b745d0093c76"
  },
  "gatewaysmg1.20.1-1.1.1.jar": {
    "jarName": "gatewaysmg1.20.1-1.1.1.jar",
    "modId": "moregateways",
    "version": "1.1.1",
    "curseForgeHash": 3315436283,
    "modrinthHash": "b8b4bf20a3320b27895868e3ceaf5b8e88bca50f"
  },
  "GatewaysToEternity-1.20.1-4.2.6.jar": {
    "jarName": "GatewaysToEternity-1.20.1-4.2.6.jar",
    "modId": "gateways",
    "version": "4.2.6",
    "curseForgeHash": 505703889,
    "modrinthHash": "ed2158bade0615c90d50474e2cbf0b32b5eeee61"
  },
  "geckolib-forge-1.20.1-4.8.2.jar": {
    "jarName": "geckolib-forge-1.20.1-4.8.2.jar",
    "modId": "geckolib",
    "version": "4.8.2",
    "curseForgeHash": 1555934041,
    "modrinthHash": "395a9f21a36dc8466d67c2af67a904e7013460d1"
  },
  "GlitchCore-forge-1.20.1-0.0.1.1.jar": {
    "jarName": "GlitchCore-forge-1.20.1-0.0.1.1.jar",
    "modId": "glitchcore",
    "version": "0.0.1.1",
    "curseForgeHash": 3328741320,
    "modrinthHash": "1a0aaf7c33b9acb26bf75899a43e8941cac1f6e7"
  },
  "goblintraders-forge-1.20.1-1.11.5.jar": {
    "jarName": "goblintraders-forge-1.20.1-1.11.5.jar",
    "modId": "goblintraders",
    "version": "1.11.5",
    "curseForgeHash": 3878486938,
    "modrinthHash": "12bf1775fae7132c4f10ce3f61122bc0a2f171d6"
  },
  "gpumemleakfix-1.20.1-1.8.jar": {
    "jarName": "gpumemleakfix-1.20.1-1.8.jar",
    "modId": "gpumemleakfix",
    "version": "1.20.1-1.8",
    "curseForgeHash": 686879422,
    "modrinthHash": "54301c2db5467e0f9f5c504887436f358335331f"
  },
  "harvest-with-ease-forge-1.20.1-9.4.0.jar": {
    "jarName": "harvest-with-ease-forge-1.20.1-9.4.0.jar",
    "modId": "harvest_with_ease",
    "version": "9.4.0",
    "curseForgeHash": 1653021525,
    "modrinthHash": "ba6e32f809125fc865b4da6295192157445f78c4"
  },
  "healingcampfire-1.20.1-6.2.jar": {
    "jarName": "healingcampfire-1.20.1-6.2.jar",
    "modId": "healingcampfire",
    "version": "6.2",
    "curseForgeHash": 2137815228,
    "modrinthHash": "12ece5053d1a95133dca38627d256f90cc94b3aa"
  },
  "ice_and_fire_delight-forge-1.20.1-0.2.4.jar": {
    "jarName": "ice_and_fire_delight-forge-1.20.1-0.2.4.jar",
    "modId": "ice_and_fire_delight",
    "version": "0.2.4",
    "curseForgeHash": 499915356,
    "modrinthHash": "24a0a3600883407570b47f70b18ce1c3f78ffd46"
  },
  "ice_and_fire_spellbooks-2.3.2-1.20.1.jar": {
    "jarName": "ice_and_fire_spellbooks-2.3.2-1.20.1.jar",
    "modId": "ice_and_fire_spellbooks",
    "version": "2.3.2-1.20.1",
    "curseForgeHash": 4147675876,
    "modrinthHash": "3378ec381d824c6a153f265a825e056819801eb4"
  },
  "iceandfire-2.1.13-1.20.1-beta-5.jar": {
    "jarName": "iceandfire-2.1.13-1.20.1-beta-5.jar",
    "modId": "iceandfire",
    "version": "2.1.13-1.20.1",
    "curseForgeHash": 1655037482,
    "modrinthHash": "7e828cbb046ca3d622e92c68f956bd1c0155dc6f"
  },
  "iceandfirebettercombat1.20.1-1.0.1.jar": {
    "jarName": "iceandfirebettercombat1.20.1-1.0.1.jar",
    "modId": "iceandfirebettercombat",
    "version": "1.0.1",
    "curseForgeHash": 81000115,
    "modrinthHash": "9d86ead08f3b829d2e02655422c885a9a065bb61"
  },
  "Iceberg-1.20.1-forge-1.1.25.jar": {
    "jarName": "Iceberg-1.20.1-forge-1.1.25.jar",
    "modId": "iceberg",
    "version": "1.1.25",
    "curseForgeHash": 263977206,
    "modrinthHash": "d551ff55814cfb01403b812459ee5a02b020d87b"
  },
  "illager_additions-1.20.1-0.1.0-beta.jar": {
    "jarName": "illager_additions-1.20.1-0.1.0-beta.jar",
    "modId": "illager_additions",
    "version": "1.20.1-0.0.2-alpha",
    "curseForgeHash": 1748564284,
    "modrinthHash": "ec661245c02b131aec3c3e011bcf4c1fd83605fc"
  },
  "irons_spellbooks-1.20.1-3.15.2.jar": {
    "jarName": "irons_spellbooks-1.20.1-3.15.2.jar",
    "modId": "irons_spellbooks",
    "version": "1.20.1-3.15.2",
    "curseForgeHash": 528478701,
    "modrinthHash": "2cfc89ec6b5271ae18a00063b12fdb1cc23385ba"
  },
  "irons_spells_dynamic_skilltree_1.1.0.jar": {
    "jarName": "irons_spells_dynamic_skilltree_1.1.0.jar",
    "modId": "irons_spells_dynamic_skilltree",
    "version": "1.1.0",
    "curseForgeHash": 2302476218,
    "modrinthHash": "de961262e4328fea6861f6ba94323037df2d44ab"
  },
  "Item-Obliterator-NeoForge-MC1.20.1-2.3.1.jar": {
    "jarName": "Item-Obliterator-NeoForge-MC1.20.1-2.3.1.jar",
    "modId": "item_obliterator",
    "version": "2.3.0",
    "curseForgeHash": 3584106259,
    "modrinthHash": "d8fa4e840a3d60f2172de0584d804d0bf7e6db19"
  },
  "ItemPhysicLite_FORGE_v1.6.6_mc1.20.1.jar": {
    "jarName": "ItemPhysicLite_FORGE_v1.6.6_mc1.20.1.jar",
    "modId": "itemphysiclite",
    "version": "1.6.6",
    "curseForgeHash": 1934443491,
    "modrinthHash": "4fc87af53afb8610e77710b30340783fc6bd0ccf"
  },
  "Jade-1.20.1-Forge-11.13.2.jar": {
    "jarName": "Jade-1.20.1-Forge-11.13.2.jar",
    "modId": "jade",
    "version": "11.13.2+forge",
    "curseForgeHash": 305733389,
    "modrinthHash": "1997e5fe2db3a0575ca79bfe4720019f01fd2b8c"
  },
  "jei-1.20.1-forge-15.20.0.112.jar": {
    "jarName": "jei-1.20.1-forge-15.20.0.112.jar",
    "modId": "jei",
    "version": "15.20.0.112",
    "curseForgeHash": 3362609034,
    "modrinthHash": "f12b3781af6337794ae6e010420a97585360ea2f"
  },
  "konkrete_forge_1.8.0_MC_1.20-1.20.1.jar": {
    "jarName": "konkrete_forge_1.8.0_MC_1.20-1.20.1.jar",
    "modId": "konkrete",
    "version": "1.8.0",
    "curseForgeHash": 3537653842,
    "modrinthHash": "2019d821bed9071daabed43979433a5473ceee49"
  },
  "kotlinforforge-4.12.0-all.jar": {
    "jarName": "kotlinforforge-4.12.0-all.jar",
    "curseForgeHash": 2392977662,
    "modrinthHash": "962fdb760409d6d71cbf079235f1ca94e3863a22"
  },
  "l2archery-2.5.0.jar": {
    "jarName": "l2archery-2.5.0.jar",
    "modId": "l2archery",
    "version": "2.5.0",
    "curseForgeHash": 716608662,
    "modrinthHash": "b301163065c33d44550e1e477fa78e2b3770ab62"
  },
  "l2backpack-2.5.6.jar": {
    "jarName": "l2backpack-2.5.6.jar",
    "modId": "l2backpack",
    "version": "2.5.6",
    "curseForgeHash": 4040179849,
    "modrinthHash": "6d06fa200074456129ea5d99c718633665318f8f"
  },
  "l2complements-2.5.8.jar": {
    "jarName": "l2complements-2.5.8.jar",
    "modId": "l2complements",
    "version": "2.5.8",
    "curseForgeHash": 2648634300,
    "modrinthHash": "eddfa7d6b70db57c5543ac77bba887c2367d1850"
  },
  "l2hostility-2.5.13.jar": {
    "jarName": "l2hostility-2.5.13.jar",
    "modId": "l2hostility",
    "version": "2.5.13",
    "curseForgeHash": 2791597346,
    "modrinthHash": "ac22878d2232329ebc7ef00b46c338bece75ec64"
  },
  "l2library-2.5.3.jar": {
    "jarName": "l2library-2.5.3.jar",
    "modId": "l2library",
    "version": "2.5.3",
    "curseForgeHash": 3570494249,
    "modrinthHash": "7841eba7e6fa4830ffe6a04034ae0926e22db691"
  },
  "l2weaponry-2.5.4.jar": {
    "jarName": "l2weaponry-2.5.4.jar",
    "modId": "l2weaponry",
    "version": "2.5.4",
    "curseForgeHash": 4144854759,
    "modrinthHash": "abc142b35fe7555131220a4905e7681cf366d657"
  },
  "L_Enders_Cataclysm-3.16.jar": {
    "jarName": "L_Enders_Cataclysm-3.16.jar",
    "modId": "cataclysm",
    "version": "3.16",
    "curseForgeHash": 1522118722,
    "modrinthHash": "25d84c486a817ba54362ea1f4b82b6d3802cc074"
  },
  "libraryferret-forge-1.20.1-4.0.0.jar": {
    "jarName": "libraryferret-forge-1.20.1-4.0.0.jar",
    "modId": "libraryferret",
    "version": "4.0.0",
    "curseForgeHash": 2890112686,
    "modrinthHash": "29f240c16ff1a1bc574d69162d379cc1c881e1ab"
  },
  "lionfishapi-2.4-Fix.jar": {
    "jarName": "lionfishapi-2.4-Fix.jar",
    "modId": "lionfishapi",
    "version": "2.4-Fix",
    "curseForgeHash": 3375534118,
    "modrinthHash": "b198f38fb27dfc6db490b496d56aa1622d5a5b87"
  },
  "lootbeams-1.20.1-1.2.6.jar": {
    "jarName": "lootbeams-1.20.1-1.2.6.jar",
    "modId": "lootbeams",
    "version": "1.20.1",
    "curseForgeHash": 4218394787,
    "modrinthHash": "6b36aa6fb6adf19ce5c6c045e5cf0c292d28d505"
  },
  "lootintegration_wda-1.7.jar": {
    "jarName": "lootintegration_wda-1.7.jar",
    "modId": "lootintegration_wda",
    "version": "1",
    "curseForgeHash": 136799656,
    "modrinthHash": "2b91b3c5ec5392ded81577108ce509270c3d75d0"
  },
  "lootintegrations-1.20.1-4.7.jar": {
    "jarName": "lootintegrations-1.20.1-4.7.jar",
    "modId": "lootintegrations",
    "version": "1.20.1-4.7",
    "curseForgeHash": 3552897390,
    "modrinthHash": "2aa541075b8e13480db4a8021482fbffb2132337"
  },
  "lootintegrations_cataclysm-1.1.jar": {
    "jarName": "lootintegrations_cataclysm-1.1.jar",
    "modId": "lootintegrations_cataclysm",
    "version": "1",
    "curseForgeHash": 2285567459,
    "modrinthHash": "655c9bdb3477736d81afb6b8bd234b18f494a8c4"
  },
  "lootintegrations_ctov-1.4.jar": {
    "jarName": "lootintegrations_ctov-1.4.jar",
    "modId": "lootintegrations_ctov",
    "version": "1",
    "curseForgeHash": 3386361540,
    "modrinthHash": "4d24044f3757946ded3cf507e2fc5733635c5dba"
  },
  "lootintegrations_dnt-2.4.jar": {
    "jarName": "lootintegrations_dnt-2.4.jar",
    "modId": "lootintegrations_dnt",
    "version": "1",
    "curseForgeHash": 1301896981,
    "modrinthHash": "b47ba2cd89ee2250709e47d4568754730a61989e"
  },
  "lootintegrations_dungeonsenhanced-1.6.jar": {
    "jarName": "lootintegrations_dungeonsenhanced-1.6.jar",
    "modId": "lootintegrations_dungeonsenhanced",
    "version": "1",
    "curseForgeHash": 3277619213,
    "modrinthHash": "ad2e166d867a2aa052587d27345a9f9ba71fd402"
  },
  "lootintegrations_integrated-1.4.jar": {
    "jarName": "lootintegrations_integrated-1.4.jar",
    "modId": "lootintegrations_integrated",
    "version": "1",
    "curseForgeHash": 2545086159,
    "modrinthHash": "effc37b725aa0b1e5a67814718b2012161ac1b2b"
  },
  "lootintegrations_moog-1.8.jar": {
    "jarName": "lootintegrations_moog-1.8.jar",
    "modId": "lootintegrations_moog",
    "version": "1",
    "curseForgeHash": 1421125696,
    "modrinthHash": "1ca2b8ccd82b869fa17b597fa0d29320fcd475bb"
  },
  "lootintegrations_yungs-1.4.jar": {
    "jarName": "lootintegrations_yungs-1.4.jar",
    "modId": "lootintegrations_yungs",
    "version": "1",
    "curseForgeHash": 3283249474,
    "modrinthHash": "e4171447d6924edf0450bd0614a271798be0ef01"
  },
  "lootr-forge-1.20-0.7.35.94.jar": {
    "jarName": "lootr-forge-1.20-0.7.35.94.jar",
    "modId": "lootr",
    "version": "0.7.35.94",
    "curseForgeHash": 1036440574,
    "modrinthHash": "1ec77a7df8adbf3290a296bf25b8f99f37a60020"
  },
  "melody_forge_1.0.3_MC_1.20.1-1.20.4.jar": {
    "jarName": "melody_forge_1.0.3_MC_1.20.1-1.20.4.jar",
    "modId": "melody",
    "version": "1.0.2",
    "curseForgeHash": 841420877,
    "modrinthHash": "e0942d396a70c09038e6c2e5e1da6505178249b8"
  },
  "monolib-forge-1.20.1-2.1.0.jar": {
    "jarName": "monolib-forge-1.20.1-2.1.0.jar",
    "modId": "monolib",
    "version": "2.1.0",
    "curseForgeHash": 852436678,
    "modrinthHash": "b600741540e7a417ff851d5fe3add8014dc43f0f"
  },
  "moogs_structure_lib-1.1.0-1.20-1.20.4-forge.jar": {
    "jarName": "moogs_structure_lib-1.1.0-1.20-1.20.4-forge.jar",
    "modId": "moogs_structures",
    "version": "1.1.0-1.20-1.20.4",
    "curseForgeHash": 1899867669,
    "modrinthHash": "b7751ee5cc55e6a56bc4b7c1b79bb6e63727e8aa"
  },
  "MoogsNetherStructures-1.20-2.0.2.jar": {
    "jarName": "MoogsNetherStructures-1.20-2.0.2.jar",
    "modId": "mns",
    "version": "2.0.2",
    "curseForgeHash": 2692017579,
    "modrinthHash": "bdc96a4c3dc9a7ec7c2dee235ecdc32e56016433"
  },
  "MoogsVoyagerStructures-1.20-5.0.3.jar": {
    "jarName": "MoogsVoyagerStructures-1.20-5.0.3.jar",
    "modId": "mvs",
    "version": "5.0.3",
    "curseForgeHash": 1308646512,
    "modrinthHash": "363be67725a770e0dfce806fb5dc0af21e6535fb"
  },
  "moonlight-1.20-2.16.22-forge.jar": {
    "jarName": "moonlight-1.20-2.16.22-forge.jar",
    "modId": "moonlight",
    "version": "1.20-2.16.22",
    "curseForgeHash": 3441540500,
    "modrinthHash": "5291622341a2138bb420cd6f851d9cbf1cb72a73"
  },
  "moredelight-25.07.28-1.20-forge.jar": {
    "jarName": "moredelight-25.07.28-1.20-forge.jar",
    "modId": "moredelight",
    "version": "25.07.28-1.20-forge",
    "curseForgeHash": 3250220125,
    "modrinthHash": "a13f7413da77910145c2c914d0b81819c3f2b7b2"
  },
  "MouseTweaks-forge-mc1.20.1-2.25.1.jar": {
    "jarName": "MouseTweaks-forge-mc1.20.1-2.25.1.jar",
    "modId": "mousetweaks",
    "version": "2.25.1",
    "curseForgeHash": 3001740257,
    "modrinthHash": "d751153e722a4e014691c83f39f5b07c6ec5333c"
  },
  "mowzies_cataclysm-1.2.0.jar": {
    "jarName": "mowzies_cataclysm-1.2.0.jar",
    "modId": "mowzies_cataclysm",
    "version": "1.2.0",
    "curseForgeHash": 630180937,
    "modrinthHash": "75bbbac8e9d394a30f6751570ed3506a6dfbb846"
  },
  "mowziesmobs-1.7.3.jar": {
    "jarName": "mowziesmobs-1.7.3.jar",
    "modId": "mowziesmobs",
    "version": "1.7.3",
    "curseForgeHash": 4019772644,
    "modrinthHash": "690f2134241544b3f6c38ff895d8e5a2aa77aa4d"
  },
  "MutantMonsters-v8.0.8-1.20.1-Forge.jar": {
    "jarName": "MutantMonsters-v8.0.8-1.20.1-Forge.jar",
    "modId": "mutantmonsters",
    "version": "8.0.8",
    "curseForgeHash": 1488372945,
    "modrinthHash": "31bf95aa119e284e211b3242e92e01dfc72875e0"
  },
  "mythicmounts-20.1-7.4.2-forge.jar": {
    "jarName": "mythicmounts-20.1-7.4.2-forge.jar",
    "modId": "mythicmounts",
    "version": "20.1-7.4.2-forge",
    "curseForgeHash": 1465831610,
    "modrinthHash": "a2c411308080ab61da211380321da8490b376285"
  },
  "NaturesCompass-1.20.1-1.11.2-forge.jar": {
    "jarName": "NaturesCompass-1.20.1-1.11.2-forge.jar",
    "modId": "naturescompass",
    "version": "1.20.1-1.11.2-forge",
    "curseForgeHash": 3701495044,
    "modrinthHash": "31ae930cdbb34e8e05e1954cfb2fee3a3813e850"
  },
  "Necronomicon-Forge-1.6.0+1.20.1.jar": {
    "jarName": "Necronomicon-Forge-1.6.0+1.20.1.jar",
    "modId": "necronomicon",
    "version": "1.6.0",
    "curseForgeHash": 2911560819,
    "modrinthHash": "2ad4ffa0fb087e4467c6f7496d456fc1ac949ebf"
  },
  "nethers_exorcism_reborn-1.1.0-forge-1.20.1.jar": {
    "jarName": "nethers_exorcism_reborn-1.1.0-forge-1.20.1.jar",
    "modId": "nethers_exorcism_reborn",
    "version": "1.0.0",
    "curseForgeHash": 2317788750,
    "modrinthHash": "571a5c267850f3b53579b3debab3b08c96075ad4"
  },
  "nethersdelight-1.20.1-4.0.jar": {
    "jarName": "nethersdelight-1.20.1-4.0.jar",
    "modId": "nethersdelight",
    "version": "1.20.1-4.0",
    "curseForgeHash": 2015586322,
    "modrinthHash": "c6da9c681bf2ec1d7b3e96db739c2b1113f6b838"
  },
  "nophantoms-0.1.jar": {
    "jarName": "nophantoms-0.1.jar",
    "modId": "nophantoms",
    "version": "0.1",
    "curseForgeHash": 3407289054,
    "modrinthHash": "d44582f33a028f926d7f55aa86025b6e8a011750"
  },
  "ntgl-1.20.1-3.0.6.jar": {
    "jarName": "ntgl-1.20.1-3.0.6.jar",
    "modId": "ntgl",
    "version": "3.0.6",
    "curseForgeHash": 1231067705,
    "modrinthHash": "56219f2c0ef01b23f9b32a7264e77add04277568"
  },
  "oculus-mc1.20.1-1.8.0.jar": {
    "jarName": "oculus-mc1.20.1-1.8.0.jar",
    "modId": "oculus",
    "version": "1.8.0",
    "curseForgeHash": 516527841,
    "modrinthHash": "984f774e71790deaec674c7587bd24e0711871b2"
  },
  "OP_UIS_magic_schools_1.19.2_1.20.1_1.21.1.jar": {
    "jarName": "OP_UIS_magic_schools_1.19.2_1.20.1_1.21.1.jar",
    "modId": "magic_schools",
    "version": "1.0",
    "curseForgeHash": 683656394,
    "modrinthHash": "3bea1c609e57f68d7771187befcf983baa9917b3"
  },
  "orbital_railgun-1.4.2.jar": {
    "jarName": "orbital_railgun-1.4.2.jar",
    "modId": "orbital_railgun",
    "version": "1.4.2",
    "curseForgeHash": 240568257,
    "modrinthHash": "bc52080ad2c0372ab05c6e189680caa4b6981302"
  },
  "pandalib-forge-mc1.20-0.5.2-SNAPSHOT.jar": {
    "jarName": "pandalib-forge-mc1.20-0.5.2-SNAPSHOT.jar",
    "modId": "pandalib",
    "version": "0.5.2",
    "curseForgeHash": 3972045722,
    "modrinthHash": "1e8d8e9688a04df5177a46036d6f34c83194686c"
  },
  "PassiveSkillTree-1.20.1-BETA-0.7.3a-all.jar": {
    "jarName": "PassiveSkillTree-1.20.1-BETA-0.7.3a-all.jar",
    "modId": "skilltree",
    "version": "0.7.3a",
    "curseForgeHash": 1796474250,
    "modrinthHash": "e04bf1dccc78319e30818c9e9b6c3b2483a7a437"
  },
  "Patchouli-1.20.1-84.1-FORGE.jar": {
    "jarName": "Patchouli-1.20.1-84.1-FORGE.jar",
    "modId": "patchouli",
    "version": "1.20.1-84.1-FORGE",
    "curseForgeHash": 3571975239,
    "modrinthHash": "e91d2e2f251375d647d592b670ea6f310c2554eb"
  },
  "PhilipsRuins1.20.1-5.7.jar": {
    "jarName": "PhilipsRuins1.20.1-5.7.jar",
    "modId": "philipsruins",
    "version": "5.6",
    "curseForgeHash": 2536278713,
    "modrinthHash": "2b5ca7b5adc7feb6721ce6406fcd903e4c382c38"
  },
  "Placebo-1.20.1-8.6.3.jar": {
    "jarName": "Placebo-1.20.1-8.6.3.jar",
    "modId": "placebo",
    "version": "8.6.3",
    "curseForgeHash": 3174429337,
    "modrinthHash": "e85f53de2e582a79ce25ff1df1e7b5b5fc08440f"
  },
  "player-animation-lib-forge-1.0.2-rc1+1.20.jar": {
    "jarName": "player-animation-lib-forge-1.0.2-rc1+1.20.jar",
    "modId": "playeranimator",
    "version": "1.0.2-rc1+1.20",
    "curseForgeHash": 2854309810,
    "modrinthHash": "16808f94a41d45d8e986b4e4ea6b02ba57fa058a"
  },
  "projectile_damage-forge-3.2.2+1.20.1.jar": {
    "jarName": "projectile_damage-forge-3.2.2+1.20.1.jar",
    "modId": "projectile_damage",
    "version": "3.2.2+1.20.1",
    "curseForgeHash": 3864832412,
    "modrinthHash": "9c7378a0b9905d032c8bb5a6f72866229bfe4ed6"
  },
  "pufferfish_unofficial_additions-1.20.1-2.2.4-all.jar": {
    "jarName": "pufferfish_unofficial_additions-1.20.1-2.2.4-all.jar",
    "modId": "pufferfish_unofficial_additions",
    "version": "2.2.4",
    "curseForgeHash": 3297306743,
    "modrinthHash": "c9605c0e871900297bf513e8630aebf878615235"
  },
  "puffish_attributes-0.8.1-1.20-forge.jar": {
    "jarName": "puffish_attributes-0.8.1-1.20-forge.jar",
    "modId": "puffish_attributes",
    "version": "0.8.1",
    "curseForgeHash": 282898638,
    "modrinthHash": "d1bd2858394d02f546ff2271b239d38a4777b153"
  },
  "puffish_skills-0.17.1-1.20-forge.jar": {
    "jarName": "puffish_skills-0.17.1-1.20-forge.jar",
    "modId": "puffish_skills",
    "version": "0.17.1",
    "curseForgeHash": 2404472990,
    "modrinthHash": "0033ffd25d3d8432e3a654b15e873f5b169fd4bc"
  },
  "PuzzlesLib-v8.1.33-1.20.1-Forge.jar": {
    "jarName": "PuzzlesLib-v8.1.33-1.20.1-Forge.jar",
    "modId": "puzzleslib",
    "version": "8.1.33",
    "curseForgeHash": 3151848185,
    "modrinthHash": "285b7c7616971338ccbe0022c9ea0f8ad3036aaf"
  },
  "Quark-4.0-462.jar": {
    "jarName": "Quark-4.0-462.jar",
    "modId": "quark",
    "version": "4.0-462",
    "curseForgeHash": 4061553554,
    "modrinthHash": "9b0fb82995622a0070c00827c698c43b49d9d14b"
  },
  "quark_delight_1.0.0_forge_1.20.1.jar": {
    "jarName": "quark_delight_1.0.0_forge_1.20.1.jar",
    "modId": "quarkdelight",
    "version": "1.0.0",
    "curseForgeHash": 2365785991,
    "modrinthHash": "06e0c415a201f80969fdf8ff0eb1f07c8c7a5751"
  },
  "realmrpg_imps_and_demons_0.9.1_forge_1.20.1.jar": {
    "jarName": "realmrpg_imps_and_demons_0.9.1_forge_1.20.1.jar",
    "modId": "realmrpg_demons",
    "version": "0.9.0",
    "curseForgeHash": 989776443,
    "modrinthHash": "286676ec243d3befda0e5992da3e00f92c899511"
  },
  "red_exp-2.0.4-forge-1.20.1.jar": {
    "jarName": "red_exp-2.0.4-forge-1.20.1.jar",
    "modId": "red_exp",
    "version": "2.0.3",
    "curseForgeHash": 4006531168,
    "modrinthHash": "47647b1edc41e234080be3a027e6abda6305ef02"
  },
  "resourcefulconfig-forge-1.20.1-2.1.3.jar": {
    "jarName": "resourcefulconfig-forge-1.20.1-2.1.3.jar",
    "modId": "resourcefulconfig",
    "version": "2.1.3",
    "curseForgeHash": 2554742015,
    "modrinthHash": "597d40920dcc935f963842c817dcc4901862ab14"
  },
  "resourcefullib-forge-1.20.1-2.1.29.jar": {
    "jarName": "resourcefullib-forge-1.20.1-2.1.29.jar",
    "modId": "resourcefullib",
    "version": "2.1.29",
    "curseForgeHash": 4227743239,
    "modrinthHash": "6fc590a7c56a720fec57e290cbb0a106efbb3ffa"
  },
  "samurai_dynasty-0.0.51-1.20.1-forge.jar": {
    "jarName": "samurai_dynasty-0.0.51-1.20.1-forge.jar",
    "modId": "samurai_dynasty",
    "version": "0.0.51-1.20.1-forge",
    "curseForgeHash": 279595160,
    "modrinthHash": "437c10bb9ada8575fef4f4da83f5a67b53c35047"
  },
  "ScorchedGuns-0.5.5-1.20.1.jar": {
    "jarName": "ScorchedGuns-0.5.5-1.20.1.jar",
    "modId": "scguns",
    "version": "0.5.5",
    "curseForgeHash": 3640758992,
    "modrinthHash": "a65d1a6fea7b44602c63175a8ea9a144d83a5de5"
  },
  "Searchables-forge-1.20.1-1.0.3.jar": {
    "jarName": "Searchables-forge-1.20.1-1.0.3.jar",
    "modId": "searchables",
    "version": "1.0.3",
    "curseForgeHash": 3171281796,
    "modrinthHash": "ed5a23ec30c90fd06b3f1d8140614028e1fafaee"
  },
  "simplehats-forge-1.20.1-0.4.0.jar": {
    "jarName": "simplehats-forge-1.20.1-0.4.0.jar",
    "modId": "simplehats",
    "version": "0.4.0",
    "curseForgeHash": 2838010935,
    "modrinthHash": "1b2364dd1cbeb2c93e2495fb2e7b0d6517bfbfb6"
  },
  "SkyArena-1.3.6-1.20.1.jar": {
    "jarName": "SkyArena-1.3.6-1.20.1.jar",
    "modId": "skyarena",
    "version": "1.3.6-1.20.1",
    "curseForgeHash": 3252039873,
    "modrinthHash": "67938f0a7d672bd9267df0d56b6c0a6db31a4418"
  },
  "sophisticatedbackpacks-1.20.1-3.24.20.1500.jar": {
    "jarName": "sophisticatedbackpacks-1.20.1-3.24.20.1500.jar",
    "modId": "sophisticatedbackpacks",
    "version": "3.24.20.1500",
    "curseForgeHash": 3103771935,
    "modrinthHash": "215e40a816cb6fdba78a8dee624c1a5a1ba807d6"
  },
  "sophisticatedcore-1.20.1-1.3.1.1460.jar": {
    "jarName": "sophisticatedcore-1.20.1-1.3.1.1460.jar",
    "modId": "sophisticatedcore",
    "version": "1.3.1.1460",
    "curseForgeHash": 2357347062,
    "modrinthHash": "83a06ade643e87c6fe5945032951f32034c6aa6d"
  },
  "sophisticatedstorage-1.20.1-1.4.23.1468.jar": {
    "jarName": "sophisticatedstorage-1.20.1-1.4.23.1468.jar",
    "modId": "sophisticatedstorage",
    "version": "1.4.23.1468",
    "curseForgeHash": 2974467322,
    "modrinthHash": "1efe91cca898f93ad6f506575f9b2607ab08783e"
  },
  "sophisticatedstoragecreateintegration-1.20.1-0.1.15.63.jar": {
    "jarName": "sophisticatedstoragecreateintegration-1.20.1-0.1.15.63.jar",
    "modId": "sophisticatedstoragecreateintegration",
    "version": "0.1.15.63",
    "curseForgeHash": 1741938262,
    "modrinthHash": "3f9a878b8f454a1c6af6d05dab8c4bc04bb70592"
  },
  "soulslike-weaponry-1.3.1-1.20.1-forge.jar": {
    "jarName": "soulslike-weaponry-1.3.1-1.20.1-forge.jar",
    "modId": "soulsweapons",
    "version": "1.3.1-1.20.1-forge}",
    "curseForgeHash": 3714712001,
    "modrinthHash": "a771d8891947dc2a7c48e90e0aad58962c133906"
  },
  "spartanfire-1.20.1-2.1.0.jar": {
    "jarName": "spartanfire-1.20.1-2.1.0.jar",
    "modId": "spartanfire",
    "version": "2.1.0",
    "curseForgeHash": 421330792,
    "modrinthHash": "111edcee61f587151f3457345c4cacbe0f8f6fe4"
  },
  "SpartanShields-1.20.1-forge-3.1.1.jar": {
    "jarName": "SpartanShields-1.20.1-forge-3.1.1.jar",
    "modId": "spartanshields",
    "version": "3.1.1",
    "curseForgeHash": 3816569768,
    "modrinthHash": "2d1c99c2a5c6116ed17be0ac3cb223a2f46636e8"
  },
  "spartantoolkit-1.20.1-1.6.1.jar": {
    "jarName": "spartantoolkit-1.20.1-1.6.1.jar",
    "modId": "spartantoolkit",
    "version": "1.20.1-1.6.1",
    "curseForgeHash": 2360841005,
    "modrinthHash": "46c73554ce8282057824fae275f4f0cb0220c029"
  },
  "spartantwilight-1.20.1-3.1.1.jar": {
    "jarName": "spartantwilight-1.20.1-3.1.1.jar",
    "modId": "spartantwilight",
    "version": "1.20.1-3.1.1",
    "curseForgeHash": 3617578671,
    "modrinthHash": "806890c4a427f7b47ee8c5ae3479e6e650f0fba6"
  },
  "SpartanWeaponry-1.20.1-forge-3.2.1-all.jar": {
    "jarName": "SpartanWeaponry-1.20.1-forge-3.2.1-all.jar",
    "modId": "spartanweaponry",
    "version": "3.2.1",
    "curseForgeHash": 239651359,
    "modrinthHash": "187977cf09972df5773c92b8af5fd342a9d726cb"
  },
  "StorageDrawers-forge-1.20.1-12.14.3.jar": {
    "jarName": "StorageDrawers-forge-1.20.1-12.14.3.jar",
    "modId": "storagedrawers",
    "version": "12.14.3",
    "curseForgeHash": 1405447780,
    "modrinthHash": "afca74c6e18883632e74e15a549004bfca245a90"
  },
  "structure_gel-1.20.1-2.16.2.jar": {
    "jarName": "structure_gel-1.20.1-2.16.2.jar",
    "modId": "structure_gel",
    "version": "2.16.2",
    "curseForgeHash": 504700493,
    "modrinthHash": "ec8c59d2a69eca3249a8da673f572b40b6d59895"
  },
  "structureessentials-1.20.1-4.8.jar": {
    "jarName": "structureessentials-1.20.1-4.8.jar",
    "modId": "structureessentials",
    "version": "1.20.1-4.8",
    "curseForgeHash": 4108207651,
    "modrinthHash": "1f94d509a6c25fa85b748d3cc3015bbbb977a948"
  },
  "supplementaries-1.20-3.1.42-forge.jar": {
    "jarName": "supplementaries-1.20-3.1.42-forge.jar",
    "modId": "supplementaries",
    "version": "1.20-3.1.42",
    "curseForgeHash": 2911967421,
    "modrinthHash": "c9e2f6c813eef73843d869ff5611f155af7467fb"
  },
  "TerraBlender-forge-1.20.1-3.0.1.10.jar": {
    "jarName": "TerraBlender-forge-1.20.1-3.0.1.10.jar",
    "modId": "terrablender",
    "version": "3.0.1.10",
    "curseForgeHash": 921691151,
    "modrinthHash": "3bd99fb59e8b06b04e78b5153790c1e08b2be5dc"
  },
  "Terralith_1.20.x_v2.5.4.jar": {
    "jarName": "Terralith_1.20.x_v2.5.4.jar",
    "modId": "terralith",
    "version": "2.5.4",
    "curseForgeHash": 1222598727,
    "modrinthHash": "79e1409b8db4ce86df9d6d6730f09c4bd8860a30"
  },
  "tf_dnv-1.2.3.jar": {
    "jarName": "tf_dnv-1.2.3.jar",
    "modId": "tf_dnv",
    "version": "1.2.3",
    "curseForgeHash": 1329843235,
    "modrinthHash": "0e0bd548e5ae696606e30bf1f373dacde0ccd642"
  },
  "TheOuterEnd-1.0.12.jar": {
    "jarName": "TheOuterEnd-1.0.12.jar",
    "modId": "outer_end",
    "version": "1.0.0",
    "curseForgeHash": 1959064862,
    "modrinthHash": "bf6e0635a4983abbedb5d48298a705a3a1b357c6"
  },
  "toms_storage-1.20-1.7.1.jar": {
    "jarName": "toms_storage-1.20-1.7.1.jar",
    "modId": "toms_storage",
    "version": "1.7.1",
    "curseForgeHash": 793745760,
    "modrinthHash": "8b70aed9e35ad78fdc2f9fcb94a29dc64ba8d757"
  },
  "TravelersTitles-1.20-Forge-4.0.2.jar": {
    "jarName": "TravelersTitles-1.20-Forge-4.0.2.jar",
    "modId": "travelerstitles",
    "version": "1.20-Forge-4.0.2",
    "curseForgeHash": 4191736142,
    "modrinthHash": "64a435eaa6e08fff5af2c720c3b6a40fe292f2f7"
  },
  "traveloptics-6.3.0-1.20.1.jar": {
    "jarName": "traveloptics-6.3.0-1.20.1.jar",
    "modId": "traveloptics",
    "version": "6.3.0-1.20.1",
    "curseForgeHash": 3027609012,
    "modrinthHash": "e1a52c88a538e62a4b739ebcef81ab9cf5e19b20"
  },
  "twilightdelight-2.0.19.jar": {
    "jarName": "twilightdelight-2.0.19.jar",
    "modId": "twilightdelight",
    "version": "2.0.19",
    "curseForgeHash": 1087421726,
    "modrinthHash": "b19cb2c1532a3a903a0f207293c818ccbbae83c0"
  },
  "twilightforest-1.20.1-4.3.2508-universal.jar": {
    "jarName": "twilightforest-1.20.1-4.3.2508-universal.jar",
    "modId": "twilightforest",
    "version": "4.3.2508",
    "curseForgeHash": 3280984966,
    "modrinthHash": "fa3b506a45d3e9c465551cd533fd50c899496e9f"
  },
  "watut-forge-1.20.1-1.2.3.jar": {
    "jarName": "watut-forge-1.20.1-1.2.3.jar",
    "modId": "watut",
    "version": "1.20.1-1.2.3",
    "curseForgeHash": 3519258904,
    "modrinthHash": "d376debf1f96f37dbedf56919baeb7da2dcef9ab"
  },
  "waystones-forge-1.20.1-14.1.18.jar": {
    "jarName": "waystones-forge-1.20.1-14.1.18.jar",
    "modId": "waystones",
    "version": "14.1.18",
    "curseForgeHash": 567290434,
    "modrinthHash": "d1efe8340c77676a1f67c8b7fb713e5e0c965c9f"
  },
  "xaerominimap-forge-1.20.1-25.3.5.jar": {
    "jarName": "xaerominimap-forge-1.20.1-25.3.5.jar",
    "modId": "xaerominimap",
    "version": "25.3.5",
    "curseForgeHash": 249085215,
    "modrinthHash": "6fe3d41ca625d2f8caa1163d98b6b22819d79c83"
  },
  "xaeros_waystones_compability-1.0.jar": {
    "jarName": "xaeros_waystones_compability-1.0.jar",
    "modId": "w2w2",
    "version": "1.0",
    "curseForgeHash": 3101476530,
    "modrinthHash": "a5cee92bae3ebb6a95f01e972a71ca794bc60f98"
  },
  "xaeroworldmap-forge-1.20.1-1.40.6.jar": {
    "jarName": "xaeroworldmap-forge-1.20.1-1.40.6.jar",
    "modId": "xaeroworldmap",
    "version": "1.40.6",
    "curseForgeHash": 268219548,
    "modrinthHash": "a401e889018962bf2b99f2020e192329c3709c96"
  },
  "yet_another_config_lib_v3-3.6.6+1.20.1-forge.jar": {
    "jarName": "yet_another_config_lib_v3-3.6.6+1.20.1-forge.jar",
    "modId": "yet_another_config_lib_v3",
    "version": "3.6.6+1.20.1-forge",
    "curseForgeHash": 2226879195,
    "modrinthHash": "644731e321c53a35a0b3177a3cc6347fe38002f4"
  },
  "YungsApi-1.20-Forge-4.0.6.jar": {
    "jarName": "YungsApi-1.20-Forge-4.0.6.jar",
    "modId": "yungsapi",
    "version": "1.20-Forge-4.0.6",
    "curseForgeHash": 2072489450,
    "modrinthHash": "af584b690f5646c6032002b58abc4591beed3833"
  },
  "YungsBetterNetherFortresses-1.20-Forge-2.0.6.jar": {
    "jarName": "YungsBetterNetherFortresses-1.20-Forge-2.0.6.jar",
    "modId": "betterfortresses",
    "version": "1.20-Forge-2.0.6",
    "curseForgeHash": 4156404560,
    "modrinthHash": "889cd16a93764d1d6af2e2dda5bbc286a2683e7a"
  },
  "YungsCaveBiomes-1.20.1-Forge-2.0.5.jar": {
    "jarName": "YungsCaveBiomes-1.20.1-Forge-2.0.5.jar",
    "modId": "yungscavebiomes",
    "version": "1.20.1-Forge-2.0.5",
    "curseForgeHash": 2133725597,
    "modrinthHash": "c0a57a7d5a0cea0297f82a482490fc1e7933695f"
  },
  "Zeta-1.0-31.jar": {
    "jarName": "Zeta-1.0-31.jar",
    "modId": "zeta",
    "version": "1.0-31",
    "curseForgeHash": 2553435270,
    "modrinthHash": "8c4a8ef0444b53ff408d5b89126285031081d92f"
  },
  "zmedievalmusic-1.20.1-2.2.jar": {
    "jarName": "zmedievalmusic-1.20.1-2.2.jar",
    "modId": "medievalmusic",
    "version": "1.20.1-2.2",
    "curseForgeHash": 3801680160,
    "modrinthHash": "8352744a85f8c6f95e2d9cddb7fed09896c785cb"
  }
}